epoch,time,train/loss,metrics/accuracy_top1,metrics/accuracy_top5,val/loss,lr/pg0,lr/pg1,lr/pg2,lr/pg3,lr/pg4,lr/pg5,lr/pg6,lr/pg7
1,50.7309,2.12924,0.7904,0.97485,0.91946,0.00991228,0.00330409,0.00991228,0.00330409,0.00991228,0.00330409,0.00991228,0.00330409
2,95.4305,0.71324,0.87881,0.9939,0.41531,0.0198137,0.00660457,0.0198137,0.00660457,0.0198137,0.00660457,0.0198137,0.00660457
3,139.504,0.39091,0.85061,0.99238,0.47803,0.0296161,0.00987205,0.0296161,0.00987205,0.0296161,0.00987205,0.0296161,0.00987205
4,183.867,0.36387,0.83994,0.99009,0.54581,0.0295545,0.0098515,0.0295545,0.0098515,0.0295545,0.0098515,0.0295545,0.0098515
5,228.188,0.33718,0.8346,0.98704,0.64279,0.029406,0.009802,0.029406,0.009802,0.029406,0.009802,0.029406,0.009802
6,272.398,0.2896,0.84299,0.98933,0.54046,0.0292575,0.0097525,0.0292575,0.0097525,0.0292575,0.0097525,0.0292575,0.0097525
7,317.12,0.26066,0.85823,0.9878,0.54253,0.029109,0.009703,0.029109,0.009703,0.029109,0.009703,0.029109,0.009703
8,361.51,0.24443,0.8346,0.98171,0.63734,0.0289605,0.0096535,0.0289605,0.0096535,0.0289605,0.0096535,0.0289605,0.0096535
9,405.678,0.23541,0.84527,0.99085,0.61618,0.028812,0.009604,0.028812,0.009604,0.028812,0.009604,0.028812,0.009604
10,450.653,0.20357,0.84756,0.99009,0.62976,0.0286635,0.0095545,0.0286635,0.0095545,0.0286635,0.0095545,0.0286635,0.0095545
11,495.702,0.20192,0.83689,0.9878,0.72694,0.028515,0.009505,0.028515,0.009505,0.028515,0.009505,0.028515,0.009505
12,540.798,0.19449,0.83994,0.99162,0.62151,0.0283665,0.0094555,0.0283665,0.0094555,0.0283665,0.0094555,0.0283665,0.0094555
13,586.624,0.19008,0.84375,0.9878,0.62495,0.028218,0.009406,0.028218,0.009406,0.028218,0.009406,0.028218,0.009406
14,632.165,0.16141,0.85595,0.99238,0.63618,0.0280695,0.0093565,0.0280695,0.0093565,0.0280695,0.0093565,0.0280695,0.0093565
15,679.088,0.15856,0.84604,0.98933,0.68759,0.027921,0.009307,0.027921,0.009307,0.027921,0.009307,0.027921,0.009307
16,723.562,0.15918,0.82927,0.9878,0.74458,0.0277725,0.0092575,0.0277725,0.0092575,0.0277725,0.0092575,0.0277725,0.0092575
17,768.715,0.15946,0.85518,0.98933,0.6964,0.027624,0.009208,0.027624,0.009208,0.027624,0.009208,0.027624,0.009208
18,813.735,0.1576,0.83918,0.98628,0.74014,0.0274755,0.0091585,0.0274755,0.0091585,0.0274755,0.0091585,0.0274755,0.0091585
19,858.411,0.14187,0.84832,0.9878,0.67541,0.027327,0.009109,0.027327,0.009109,0.027327,0.009109,0.027327,0.009109
20,903.301,0.14543,0.83003,0.98399,0.80281,0.0271785,0.0090595,0.0271785,0.0090595,0.0271785,0.0090595,0.0271785,0.0090595
21,948.584,0.1521,0.84451,0.98704,0.64548,0.02703,0.00901,0.02703,0.00901,0.02703,0.00901,0.02703,0.00901
22,993.623,0.15004,0.84299,0.98552,0.66718,0.0268815,0.0089605,0.0268815,0.0089605,0.0268815,0.0089605,0.0268815,0.0089605
23,1038.88,0.12431,0.84146,0.98857,0.7002,0.026733,0.008911,0.026733,0.008911,0.026733,0.008911,0.026733,0.008911
24,1084.03,0.12771,0.8346,0.98552,0.77216,0.0265845,0.0088615,0.0265845,0.0088615,0.0265845,0.0088615,0.0265845,0.0088615
25,1129.31,0.11724,0.84451,0.98247,0.77589,0.026436,0.008812,0.026436,0.008812,0.026436,0.008812,0.026436,0.008812
26,1174.47,0.13217,0.83689,0.98247,0.73017,0.0262875,0.0087625,0.0262875,0.0087625,0.0262875,0.0087625,0.0262875,0.0087625
27,1219.29,0.13336,0.85061,0.98476,0.69778,0.026139,0.008713,0.026139,0.008713,0.026139,0.008713,0.026139,0.008713
28,1264.83,0.13351,0.84146,0.98399,0.75592,0.0259905,0.0086635,0.0259905,0.0086635,0.0259905,0.0086635,0.0259905,0.0086635
29,1309.49,0.11579,0.84756,0.98552,0.71704,0.025842,0.008614,0.025842,0.008614,0.025842,0.008614,0.025842,0.008614
30,1354.48,0.11778,0.85442,0.98552,0.70754,0.0256935,0.0085645,0.0256935,0.0085645,0.0256935,0.0085645,0.0256935,0.0085645
31,1400.03,0.12493,0.85747,0.98247,0.64793,0.025545,0.008515,0.025545,0.008515,0.025545,0.008515,0.025545,0.008515
32,1445.52,0.11221,0.8689,0.98628,0.69058,0.0253965,0.0084655,0.0253965,0.0084655,0.0253965,0.0084655,0.0253965,0.0084655
