epoch,train_loss,train_top1,val_loss,val_top1,val_top2,val_top3,val_top5,val_macro_precision,val_macro_recall,val_macro_f1,val_weighted_f1,lr,best,best_epoch,best_val_macro_f1,early_stop_counter,resumed
1,0.45336562860987856,0.5675624166190204,0.30628348264570643,0.8254573170731707,0.9314024390243902,0.9565548780487805,0.9839939024390244,0.6316229047375554,0.5869714802600172,0.5735670297806945,0.8209282721498129,9.984586668665641e-06,True,1,0.5735670297806945,0,False
2,0.25323963379698616,0.8214217648179912,0.15695907112080376,0.8689024390243902,0.958079268292683,0.9710365853658537,0.9900914634146342,0.7427962046669281,0.7563098360977737,0.7236409580204674,0.8686378692988772,9.938441702975689e-06,True,2,0.7236409580204674,0,False
3,0.14004208678594426,0.8713550600343053,0.0935320504687275,0.8833841463414634,0.9611280487804879,0.9801829268292683,0.993140243902439,0.775379210991661,0.8114392296383119,0.7703432901922,0.8847040457532863,9.861849601988382e-06,True,3,0.7703432901922,0,False
4,0.08703049790942717,0.8982275586049171,0.07972152184208049,0.9024390243902439,0.9748475609756098,0.9862804878048781,0.9946646341463414,0.792601157271853,0.7945575363034604,0.7706519267613169,0.9027058428338967,9.755282581475767e-06,True,4,0.7706519267613169,0,False
5,0.05979215262991282,0.9096626643796455,0.06760965418861149,0.9092987804878049,0.9763719512195121,0.9878048780487805,0.9961890243902439,0.8345215522662542,0.8264779327850759,0.8120443542275263,0.910085203622071,9.619397662556432e-06,True,5,0.8120443542275263,0,False
6,0.04413120729210821,0.9252906422717744,0.06289359372279184,0.9054878048780488,0.9778963414634146,0.9885670731707317,0.9961890243902439,0.8480846223659558,0.8662623848546135,0.8351971772120628,0.906901764212123,9.455032620941837e-06,True,6,0.8351971772120628,0,False
7,0.03072161758941555,0.9331046312178388,0.057963158651523926,0.9123475609756098,0.9771341463414634,0.9878048780487805,0.9969512195121951,0.8483793721190546,0.8631831539261997,0.8348527753966929,0.9137312343828573,9.263200821770459e-06,False,6,0.8351971772120628,1,False
8,0.02535389837609579,0.9435868115113398,0.06216494788006413,0.9184451219512195,0.9786585365853658,0.989329268292683,0.9984756097560976,0.8560147779001099,0.8508678498250113,0.8325295297283738,0.9187015977419414,9.045084971874735e-06,False,6,0.8351971772120628,2,False
9,0.016604257813914516,0.9531160663236135,0.05784577722049174,0.9108231707317073,0.979420731707317,0.9900914634146342,0.9977134146341463,0.8635366162587556,0.8822198475638239,0.8481246116190831,0.9118373337394945,8.802029828000153e-06,True,9,0.8481246116190831,0,False
10,0.013016339539102422,0.956927768248523,0.05267141888898217,0.9184451219512195,0.9817073170731707,0.989329268292683,0.9977134146341463,0.8671991945202544,0.8758744320265984,0.8534443457981229,0.9188603199370048,8.535533905932735e-06,True,10,0.8534443457981229,0,False
11,0.01238234296451018,0.959786544692205,0.057538879880417525,0.9138719512195121,0.9771341463414634,0.993140243902439,0.9977134146341463,0.855046362142396,0.854150987997843,0.834002915938165,0.9148014852086914,8.247240241650918e-06,False,10,0.8534443457981229,1,False
12,0.008961195542116045,0.9691252144082333,0.05903392415795191,0.9108231707317073,0.975609756097561,0.9923780487804879,0.9984756097560976,0.847010097845456,0.8553925304898679,0.8301854931057481,0.9125454615148617,7.938926261462365e-06,False,10,0.8534443457981229,2,False
13,0.00810973775215065,0.9727463312368972,0.06238442823240714,0.9161585365853658,0.9786585365853658,0.9939024390243902,0.9992378048780488,0.8401707727606882,0.8687123693009206,0.8429779651755853,0.9170264050886654,7.612492823579743e-06,False,10,0.8534443457981229,3,False
14,0.006495009193894275,0.9754145225843339,0.053715361455077784,0.9176829268292683,0.9824695121951219,0.9923780487804879,1.0,0.8484379335280868,0.8788520866603449,0.8544808206864494,0.9180915547697795,7.2699524986977325e-06,True,14,0.8544808206864494,0,False
15,0.005322971573786049,0.9773203735467887,0.060747773793087705,0.9230182926829268,0.9870426829268293,0.9946646341463414,0.9984756097560976,0.8512397864520045,0.8762733933555549,0.850605748933172,0.923752457368692,6.913417161825448e-06,False,14,0.8544808206864494,1,False
16,0.003922556511605521,0.9805603201829617,0.061151508208956644,0.9222560975609756,0.9809451219512195,0.9946646341463414,0.9984756097560976,0.8466986591832718,0.8753302977611597,0.848367230094732,0.9227446039299235,6.545084971874736e-06,False,14,0.8544808206864494,2,False
17,0.004550718626762507,0.982275586049171,0.060196716489745145,0.9253048780487805,0.9847560975609756,0.9946646341463414,0.9984756097560976,0.8642596942890186,0.8983512420281103,0.8711250716493388,0.9259861296542077,6.167226819279527e-06,True,17,0.8711250716493388,0,False
18,0.004112060447049372,0.9841814370116256,0.06495620021246326,0.9222560975609756,0.9832317073170732,0.9969512195121951,0.9992378048780488,0.8582102269848628,0.8940285104207758,0.8650015904387282,0.9228556661231971,5.782172325201154e-06,False,17,0.8711250716493388,1,False
19,0.0032070407414184214,0.9881837240327807,0.0682865623996883,0.9146341463414634,0.979420731707317,0.993140243902439,0.9984756097560976,0.862622834635012,0.8715345686891313,0.8420273281306546,0.9158257788970455,5.392295478639224e-06,False,17,0.8711250716493388,2,False
20,0.002220487838397745,0.9878025538402897,0.07434771124007376,0.9245426829268293,0.9847560975609756,0.9961890243902439,0.9992378048780488,0.8783325003281114,0.8742729981687749,0.8549469303363834,0.9245194368439881,4.9999999999999996e-06,False,17,0.8711250716493388,3,False
21,0.0016020626012273687,0.9919954259576901,0.06829199385806609,0.9253048780487805,0.9839939024390244,0.9939024390243902,0.9992378048780488,0.8736003439089839,0.9039116809938426,0.8787182573811805,0.9262835009596004,4.607704521360776e-06,True,21,0.8787182573811805,0,False
22,0.0019030774675478012,0.9904707451877263,0.06761872373484734,0.9237804878048781,0.9817073170731707,0.9946646341463414,0.9992378048780488,0.8731471691321271,0.9033991162969727,0.8781433731111056,0.9248262494036705,4.217827674798847e-06,False,21,0.8787182573811805,1,False
23,0.0021668032277222925,0.9921860110539356,0.06571143317059194,0.9245426829268293,0.9847560975609756,0.9939024390243902,0.9984756097560976,0.877945608221221,0.9032826250235908,0.8800921310273054,0.925836409298499,3.832773180720473e-06,True,23,0.8800921310273054,0,False
24,0.0016446847398215146,0.9931389365351629,0.06731546591736169,0.9237804878048781,0.9839939024390244,0.9954268292682927,0.9992378048780488,0.8850691993215811,0.911508748939611,0.890166708872784,0.9247955973528981,3.4549150281252627e-06,True,24,0.890166708872784,0,False
25,0.001393939981526417,0.9942824471126358,0.07195991916637104,0.9237804878048781,0.9855182926829268,0.9946646341463414,0.9992378048780488,0.8735435035640868,0.8946694839713525,0.8706524620315548,0.9246821499783713,3.0865828381745506e-06,False,24,0.890166708872784,1,False
26,0.0017832010411973336,0.9919954259576901,0.06642220581342273,0.9237804878048781,0.9824695121951219,0.9946646341463414,0.9992378048780488,0.8740038400022447,0.9049283543203032,0.8786791780481881,0.9251539621123267,2.7300475013022654e-06,False,24,0.890166708872784,2,False
27,0.0015997152651747405,0.9933295216314084,0.07109178848200856,0.9253048780487805,0.9847560975609756,0.9946646341463414,0.9992378048780488,0.8836275608235076,0.9030777074409608,0.8829063647115607,0.9264414539204288,2.387507176420255e-06,False,24,0.890166708872784,3,False
28,0.0014154147842318564,0.9944730322088813,0.06856569769216475,0.9230182926829268,0.9817073170731707,0.9946646341463414,0.9992378048780488,0.8729847304201215,0.9028118447722011,0.8760228091701446,0.9244439504281593,2.061073738537634e-06,False,24,0.890166708872784,4,False
29,0.001000032972581251,0.9954259576901087,0.0708058332750033,0.9214939024390244,0.9824695121951219,0.9946646341463414,0.9992378048780488,0.8763403746158852,0.9025380874976451,0.8786572856923227,0.9227241508382711,1.7527597583490817e-06,False,24,0.890166708872784,5,False
30,0.001640347681349854,0.9948542024013722,0.0709838939632123,0.9253048780487805,0.9855182926829268,0.9946646341463414,0.9992378048780488,0.8823611259098267,0.9016661223724851,0.8817379814827243,0.9260926567000688,1.4644660940672622e-06,False,24,0.890166708872784,6,False
31,0.001534538504593298,0.9939012769201448,0.07137357546486664,0.9253048780487805,0.9839939024390244,0.9946646341463414,0.9992378048780488,0.8787073833434645,0.8913478360557964,0.871180911261191,0.9262813023423883,1.1979701719998448e-06,False,24,0.890166708872784,7,False
32,0.0019454758351623942,0.9939012769201448,0.07128975506356079,0.9253048780487805,0.9855182926829268,0.9954268292682927,0.9992378048780488,0.8794185354152493,0.9033368095423736,0.8809238368519617,0.9261938015207476,9.549150281252629e-07,False,24,0.890166708872784,8,False
