frozen_sample_order,group_code,xai_group,group_sample_order,publication_subset,sample_id,hf_test_index,relative_image_path,true_class_id,true_class_name,predicted_class_id,predicted_class_name,official_prediction_confidence,reproduced_prediction_confidence,correct,explanation_target_class_id,explanation_target_class_name,gradcam_target_layer,checkpoint_sha256,image_representation,original_file,heatmap_file,overlay_file
1,A,correct_high_confidence,1,True,614,614,test/04_fish/hf_test_000614.jpg,4,04_fish,4,04_fish,0.9988441467285156,0.9988441467285156,True,4,04_fish,features.7.2,d0c225c28b25f09822bc99518a37f9b1fe642b2d01213da7f68e2d76a255832a,RGB_JPEG_quality95_reload,gradcam/originals/X01_01_GA_sid0614_original.jpg,gradcam/heatmaps/X01_01_GA_sid0614_heatmap.png,gradcam/overlays/X01_01_GA_sid0614_overlay.png
2,A,correct_high_confidence,2,True,1573,1573,test/19_turtle/hf_test_001573.jpg,19,19_turtle,19,19_turtle,0.998842716217041,0.9988425970077515,True,19,19_turtle,features.7.2,d0c225c28b25f09822bc99518a37f9b1fe642b2d01213da7f68e2d76a255832a,RGB_JPEG_quality95_reload,gradcam/originals/X01_02_GA_sid1573_original.jpg,gradcam/heatmaps/X01_02_GA_sid1573_heatmap.png,gradcam/overlays/X01_02_GA_sid1573_overlay.png
3,A,correct_high_confidence,3,True,1567,1567,test/19_turtle/hf_test_001567.jpg,19,19_turtle,19,19_turtle,0.9987873435020448,0.9987874627113342,True,19,19_turtle,features.7.2,d0c225c28b25f09822bc99518a37f9b1fe642b2d01213da7f68e2d76a255832a,RGB_JPEG_quality95_reload,gradcam/originals/X01_03_GA_sid1567_original.jpg,gradcam/heatmaps/X01_03_GA_sid1567_heatmap.png,gradcam/overlays/X01_03_GA_sid1567_overlay.png
4,A,correct_high_confidence,4,False,642,642,test/04_fish/hf_test_000642.jpg,4,04_fish,4,04_fish,0.9987088441848756,0.9986988306045532,True,4,04_fish,features.7.2,d0c225c28b25f09822bc99518a37f9b1fe642b2d01213da7f68e2d76a255832a,RGB_JPEG_quality95_reload,gradcam/originals/X01_04_GA_sid0642_original.jpg,gradcam/heatmaps/X01_04_GA_sid0642_heatmap.png,gradcam/overlays/X01_04_GA_sid0642_overlay.png
5,A,correct_high_confidence,5,False,1596,1596,test/19_turtle/hf_test_001596.jpg,19,19_turtle,19,19_turtle,0.9987000226974488,0.9987001419067383,True,19,19_turtle,features.7.2,d0c225c28b25f09822bc99518a37f9b1fe642b2d01213da7f68e2d76a255832a,RGB_JPEG_quality95_reload,gradcam/originals/X01_05_GA_sid1596_original.jpg,gradcam/heatmaps/X01_05_GA_sid1596_heatmap.png,gradcam/overlays/X01_05_GA_sid1596_overlay.png
6,B,correct_difficult,1,True,1605,1605,test/19_turtle/hf_test_001605.jpg,19,19_turtle,19,19_turtle,0.2230295687913894,0.22300130128860474,True,19,19_turtle,features.7.2,d0c225c28b25f09822bc99518a37f9b1fe642b2d01213da7f68e2d76a255832a,RGB_JPEG_quality95_reload,gradcam/originals/X01_06_GB_sid1605_original.jpg,gradcam/heatmaps/X01_06_GB_sid1605_heatmap.png,gradcam/overlays/X01_06_GB_sid1605_overlay.png
7,B,correct_difficult,2,True,1372,1372,test/11_seaAnemone/hf_test_001372.jpg,11,11_seaAnemone,11,11_seaAnemone,0.3314030468463897,0.3314034640789032,True,11,11_seaAnemone,features.7.2,d0c225c28b25f09822bc99518a37f9b1fe642b2d01213da7f68e2d76a255832a,RGB_JPEG_quality95_reload,gradcam/originals/X01_07_GB_sid1372_original.jpg,gradcam/heatmaps/X01_07_GB_sid1372_heatmap.png,gradcam/overlays/X01_07_GB_sid1372_overlay.png
8,B,correct_difficult,3,True,500,500,test/04_fish/hf_test_000500.jpg,4,04_fish,4,04_fish,0.4300433099269867,0.4301885664463043,True,4,04_fish,features.7.2,d0c225c28b25f09822bc99518a37f9b1fe642b2d01213da7f68e2d76a255832a,RGB_JPEG_quality95_reload,gradcam/originals/X01_08_GB_sid0500_original.jpg,gradcam/heatmaps/X01_08_GB_sid0500_heatmap.png,gradcam/overlays/X01_08_GB_sid0500_overlay.png
9,B,correct_difficult,4,False,430,430,test/04_fish/hf_test_000430.jpg,4,04_fish,4,04_fish,0.4322527348995209,0.4332118332386017,True,4,04_fish,features.7.2,d0c225c28b25f09822bc99518a37f9b1fe642b2d01213da7f68e2d76a255832a,RGB_JPEG_quality95_reload,gradcam/originals/X01_09_GB_sid0430_original.jpg,gradcam/heatmaps/X01_09_GB_sid0430_heatmap.png,gradcam/overlays/X01_09_GB_sid0430_overlay.png
10,B,correct_difficult,5,False,482,482,test/04_fish/hf_test_000482.jpg,4,04_fish,4,04_fish,0.450608342885971,0.4506084620952606,True,4,04_fish,features.7.2,d0c225c28b25f09822bc99518a37f9b1fe642b2d01213da7f68e2d76a255832a,RGB_JPEG_quality95_reload,gradcam/originals/X01_10_GB_sid0482_original.jpg,gradcam/heatmaps/X01_10_GB_sid0482_heatmap.png,gradcam/overlays/X01_10_GB_sid0482_overlay.png
11,C,misclassified_high_confidence,1,True,577,577,test/04_fish/hf_test_000577.jpg,4,04_fish,0,00_coral,0.9947620034217834,0.9947620034217834,False,0,00_coral,features.7.2,d0c225c28b25f09822bc99518a37f9b1fe642b2d01213da7f68e2d76a255832a,RGB_JPEG_quality95_reload,gradcam/originals/X01_11_GC_sid0577_original.jpg,gradcam/heatmaps/X01_11_GC_sid0577_heatmap.png,gradcam/overlays/X01_11_GC_sid0577_overlay.png
12,C,misclassified_high_confidence,2,True,3,3,test/00_coral/hf_test_000003.jpg,0,00_coral,11,11_seaAnemone,0.9930556416511536,0.9930558800697327,False,11,11_seaAnemone,features.7.2,d0c225c28b25f09822bc99518a37f9b1fe642b2d01213da7f68e2d76a255832a,RGB_JPEG_quality95_reload,gradcam/originals/X01_12_GC_sid0003_original.jpg,gradcam/heatmaps/X01_12_GC_sid0003_heatmap.png,gradcam/overlays/X01_12_GC_sid0003_overlay.png
13,C,misclassified_high_confidence,3,True,217,217,test/00_coral/hf_test_000217.jpg,0,00_coral,10,10_rayfish,0.9923093318939208,0.9922499656677246,False,10,10_rayfish,features.7.2,d0c225c28b25f09822bc99518a37f9b1fe642b2d01213da7f68e2d76a255832a,RGB_JPEG_quality95_reload,gradcam/originals/X01_13_GC_sid0217_original.jpg,gradcam/heatmaps/X01_13_GC_sid0217_heatmap.png,gradcam/overlays/X01_13_GC_sid0217_overlay.png
14,C,misclassified_high_confidence,4,False,944,944,test/04_fish/hf_test_000944.jpg,4,04_fish,3,03_eel,0.9910567998886108,0.9910219311714172,False,3,03_eel,features.7.2,d0c225c28b25f09822bc99518a37f9b1fe642b2d01213da7f68e2d76a255832a,RGB_JPEG_quality95_reload,gradcam/originals/X01_14_GC_sid0944_original.jpg,gradcam/heatmaps/X01_14_GC_sid0944_heatmap.png,gradcam/overlays/X01_14_GC_sid0944_overlay.png
15,C,misclassified_high_confidence,5,False,1199,1199,test/11_seaAnemone/hf_test_001199.jpg,11,11_seaAnemone,4,04_fish,0.9908329844474792,0.9907618165016174,False,4,04_fish,features.7.2,d0c225c28b25f09822bc99518a37f9b1fe642b2d01213da7f68e2d76a255832a,RGB_JPEG_quality95_reload,gradcam/originals/X01_15_GC_sid1199_original.jpg,gradcam/heatmaps/X01_15_GC_sid1199_heatmap.png,gradcam/overlays/X01_15_GC_sid1199_overlay.png
16,D,minority_weak_class,1,True,1061,1061,test/08_marine_dolphin/hf_test_001061.jpg,8,08_marine_dolphin,5,05_fishInGroups,0.6217499375343323,0.6217502951622009,False,5,05_fishInGroups,features.7.2,d0c225c28b25f09822bc99518a37f9b1fe642b2d01213da7f68e2d76a255832a,RGB_JPEG_quality95_reload,gradcam/originals/X01_16_GD_sid1061_original.jpg,gradcam/heatmaps/X01_16_GD_sid1061_heatmap.png,gradcam/overlays/X01_16_GD_sid1061_overlay.png
17,D,minority_weak_class,2,True,1071,1071,test/09_octopus/hf_test_001071.jpg,9,09_octopus,9,09_octopus,0.8411881923675537,0.8411833643913269,True,9,09_octopus,features.7.2,d0c225c28b25f09822bc99518a37f9b1fe642b2d01213da7f68e2d76a255832a,RGB_JPEG_quality95_reload,gradcam/originals/X01_17_GD_sid1071_original.jpg,gradcam/heatmaps/X01_17_GD_sid1071_heatmap.png,gradcam/overlays/X01_17_GD_sid1071_overlay.png
18,D,minority_weak_class,3,True,1486,1486,test/17_squid/hf_test_001486.jpg,17,17_squid,17,17_squid,0.9810473322868348,0.9810473322868347,True,17,17_squid,features.7.2,d0c225c28b25f09822bc99518a37f9b1fe642b2d01213da7f68e2d76a255832a,RGB_JPEG_quality95_reload,gradcam/originals/X01_18_GD_sid1486_original.jpg,gradcam/heatmaps/X01_18_GD_sid1486_heatmap.png,gradcam/overlays/X01_18_GD_sid1486_overlay.png
19,D,minority_weak_class,4,False,1397,1397,test/12_seaCucumber/hf_test_001397.jpg,12,12_seaCucumber,12,12_seaCucumber,0.9872734546661376,0.9872735738754272,True,12,12_seaCucumber,features.7.2,d0c225c28b25f09822bc99518a37f9b1fe642b2d01213da7f68e2d76a255832a,RGB_JPEG_quality95_reload,gradcam/originals/X01_19_GD_sid1397_original.jpg,gradcam/heatmaps/X01_19_GD_sid1397_heatmap.png,gradcam/overlays/X01_19_GD_sid1397_overlay.png
20,D,minority_weak_class,5,False,1456,1456,test/15_shark/hf_test_001456.jpg,15,15_shark,15,15_shark,0.9937978386878968,0.9938030242919922,True,15,15_shark,features.7.2,d0c225c28b25f09822bc99518a37f9b1fe642b2d01213da7f68e2d76a255832a,RGB_JPEG_quality95_reload,gradcam/originals/X01_20_GD_sid1456_original.jpg,gradcam/heatmaps/X01_20_GD_sid1456_heatmap.png,gradcam/overlays/X01_20_GD_sid1456_overlay.png
