epoch,train_loss,train_accuracy,val_loss,val_accuracy,val_macro_precision,val_macro_recall,val_macro_f1,learning_rate,epoch_seconds
1,1.6497608323073663,0.5801757276221856,0.5778626814121153,0.8788109756097561,0.8724555434720761,0.7561284756311195,0.7758156720212256,1e-05,143.65446591377258
2,0.5910009552265902,0.8878363536518397,0.3011858477825072,0.9153963414634146,0.8788090117594797,0.8705007813903342,0.8627250557350059,9.985357335232359e-06,138.15015697479248
3,0.31435155763788447,0.9331411312465678,0.25087561258455604,0.9253048780487805,0.8845964130702504,0.8866377671569561,0.8787266248414245,9.941519617826906e-06,138.25190615653992
4,0.2222529180360194,0.9496155958264689,0.2688741709400968,0.9245426829268293,0.891510025438557,0.8762140631497175,0.8747551779329257,9.868757121888965e-06,138.2055902481079
5,0.15527634912634342,0.9626578802855574,0.25592457630285403,0.9245426829268293,0.8966008848386942,0.8876617523379879,0.8849262655025756,9.76751845240198e-06,138.2334327697754
6,0.12852845422387582,0.9673256452498628,0.2547630871214518,0.9275914634146342,0.8838762384615932,0.8738387843010544,0.8651789745181917,9.638427779428611e-06,138.1839416027069
7,0.10399465666309547,0.9736408566721582,0.25192514316337866,0.9253048780487805,0.8789828268017198,0.8918287961271533,0.8758249500495612,9.482280989894747e-06,138.1501326560974
8,0.0785102690726044,0.9807797913234486,0.2778287566289669,0.9230182926829268,0.8687448838765077,0.8570728269639772,0.8454620760165359,9.300040780681938e-06,138.15096974372864
9,0.06691826964262618,0.9832509610104339,0.28282895493434695,0.9237804878048781,0.8629838658729175,0.8707393168910107,0.8584419538418888,9.092830723281e-06,138.15130805969238
10,0.054180365827043,0.9881933003844042,0.28074430428990504,0.9291158536585366,0.8919876401568814,0.9035652458019017,0.8903267614348938,8.861928336600148e-06,138.60083961486816
11,0.04330485658224044,0.9891543108182317,0.31762114885013276,0.926829268292683,0.8868009459701133,0.9015613165168805,0.885270804512302,8.608757210636101e-06,138.19230675697327
12,0.03539583623769321,0.9920373421197144,0.3325762376189232,0.9260670731707317,0.8909978937636691,0.8945906368519948,0.8832687376503167,8.334878229568374e-06,138.17283129692078
13,0.032852713417574834,0.9923119165293794,0.3081191651886556,0.9283536585365854,0.9003243857715706,0.8978443483922233,0.8895248230164551,8.041979948389248e-06,138.3089668750763
14,0.025418252243830698,0.9949203734211971,0.3446445281549198,0.9260670731707317,0.8914990682687017,0.8861477163619101,0.8766925917811411,7.731868182400756e-06,138.5399239063263
15,0.026513750182606897,0.9939593629873695,0.35039963018966885,0.9291158536585366,0.8921118387256826,0.8963245312116879,0.8829519039238249,7.406454873762847e-06,138.23935270309448
16,0.019777428475400368,0.9956068094453597,0.361285743916907,0.9245426829268293,0.880929743754186,0.8948610741015672,0.8815334780734458,7.067746303734176e-06,138.2699158191681
17,0.020159634013283325,0.9954695222405272,0.3684453180105221,0.9275914634146342,0.8978257543484875,0.8935196850407877,0.8832108856403569,6.717830723281e-06,138.4186372756958
18,0.01682717095751608,0.9962932454695222,0.3543947303622234,0.9336890243902439,0.8926916312302862,0.9066586286502369,0.8916697924654517,6.358865478315551e-06,138.50392413139343
19,0.014606562765792854,0.9973915431081823,0.3774603535307617,0.926829268292683,0.8904670016257947,0.9075913346734958,0.8913087648451994,5.993063708941096e-06,138.23353481292725
20,0.015544616328301761,0.9961559582646897,0.3664619014939157,0.9283536585365854,0.9075274806892454,0.9051226972512338,0.8980879149859851,5.622680704707263e-06,138.1942753791809
21,0.012654635521293275,0.9978034047226798,0.390755963761632,0.9275914634146342,0.8909078972647352,0.8876569308376364,0.8801172075008201,5.249999999999999e-06,138.2644555568695
22,0.014468698204381986,0.9962932454695222,0.3817755688072705,0.9275914634146342,0.887298440085751,0.8874146219027189,0.8773505381934136,4.877319295292736e-06,138.54955339431763
23,0.009264521664934196,0.9983525535420099,0.37347234394855616,0.9291158536585366,0.8895571021425429,0.8741844420164473,0.8670297737649848,4.506936291058904e-06,138.27022075653076
24,0.010479505804460956,0.9978034047226798,0.38624367326861475,0.9275914634146342,0.9062805971379408,0.8874276611649595,0.8845732566925661,4.141134521684449e-06,138.31647157669067
25,0.009277122171942445,0.9980779791323449,0.3967706661943982,0.9298780487804879,0.903066497166126,0.8929031769851822,0.8849575320709834,3.7821692767189987e-06,138.2706892490387
26,0.009291991223220573,0.9983525535420099,0.40163916921833664,0.9260670731707317,0.9014305981396082,0.8923575836744192,0.8840398886875793,3.4322536962658226e-06,138.552729845047
27,0.0072125430653083465,0.9984898407468424,0.41793109412963797,0.926829268292683,0.9021324291542936,0.8817128277563926,0.8795497530793618,3.093545126237151e-06,138.26102590560913
28,0.007373829011665734,0.9986271279516749,0.39813554350559305,0.9291158536585366,0.8941701134023294,0.89462994536101,0.88374471107317,2.7681318175992414e-06,138.24449133872986
