epoch,learning_rate,train_loss,train_accuracy,train_macro_f1,val_loss,val_accuracy,val_macro_precision,val_macro_recall,val_macro_f1,epoch_seconds,best_checkpoint_saved
1,1e-05,1.1581150873358075,0.629049972542559,0.5866879970272605,0.2678907418668997,0.8628048780487805,0.7272435782232032,0.8329912182585419,0.7598749193046865,143.49266505241394,True
2,9.960573506572391e-06,0.27618876172414786,0.8903075233388248,0.903780058894499,0.11972158194644512,0.8963414634146342,0.8306704556718856,0.886450356896877,0.8462970075854601,138.3910059928894,True
3,9.842915805643156e-06,0.12733395986426735,0.9233937397034596,0.9385934832251814,0.10221541725331917,0.9092987804878049,0.8440638869068818,0.9033727060022502,0.8660037810936865,138.51404523849487,True
4,9.648882429441258e-06,0.08147132446000302,0.9409665019220209,0.9568697935806039,0.09445239579349063,0.9237804878048781,0.8847804984228546,0.9111747532000057,0.8904765828025518,138.80417943000793,True
5,9.381533400219319e-06,0.05915789752799704,0.9470071389346513,0.9622211836920348,0.09337344766248773,0.9146341463414634,0.8679976862469095,0.8891016425675901,0.8679294250087584,138.5288257598877,False
6,9.045084971874738e-06,0.046835033993765034,0.9551070840197694,0.9698203653088889,0.08885653378926757,0.9176829268292683,0.8783920109226366,0.9002240242460818,0.8787019427268851,138.51034140586853,False
7,8.644843137107058e-06,0.036359879418385185,0.9625205930807249,0.9752004450785814,0.09265001448369642,0.9214939024390244,0.8846855448937629,0.8832715767335306,0.8728439330323529,138.34145951271057,False
8,8.18711994874345e-06,0.032175671042903094,0.9660900604063701,0.9773816221960816,0.09399749540179761,0.9275914634146342,0.8960112208279434,0.9104023315469931,0.8965059631055767,138.3264081478119,True
9,7.679133974894982e-06,0.026989759223710566,0.9697968149368479,0.9803745692748864,0.09444468804696687,0.916920731707317,0.8755614553508971,0.8751644678509211,0.8634143321088065,138.5558578968048,False
10,7.128896457825363e-06,0.024235647485500948,0.9729544206479956,0.9815864770839733,0.09176179170873827,0.9275914634146342,0.8901491884439775,0.8961490443841027,0.8845956868616314,138.33409023284912,False
11,6.545084971874737e-06,0.018639501372113402,0.9752883031301482,0.9848583425242803,0.09771929626895587,0.9237804878048781,0.8814728051146448,0.8811381903182536,0.8720864129801822,138.47977709770203,False
12,5.936906572928624e-06,0.018091519268289443,0.9766611751784734,0.9855117869027034,0.09930498251536092,0.9314024390243902,0.8943584930540924,0.8843050477590143,0.8792015759178003,138.36673593521118,False
13,5.3139525976465675e-06,0.015088992756302993,0.9827018121911038,0.989482957968033,0.1030083821629754,0.9260670731707317,0.8947058942738758,0.9155346105912713,0.8990305120459396,138.5841794013977,True
14,4.686047402353433e-06,0.013401221795089928,0.9844865458539264,0.9900925999228043,0.10012568953857781,0.9298780487804879,0.899707871480372,0.9083144484245068,0.8936993963469613,138.4637713432312,False
15,4.063093427071377e-06,0.011650005944777957,0.985996705107084,0.9911965900493165,0.10851741358863741,0.9283536585365854,0.8915785521652813,0.8960067022162599,0.8867718034438136,138.25902605056763,False
16,3.4549150281252644e-06,0.010544360952668162,0.9879187259747392,0.9923562263253138,0.10918271430563903,0.9291158536585366,0.8896970647172239,0.8832733800752486,0.8761902154944583,138.496196269989,False
17,2.8711035421746364e-06,0.010451039200661963,0.9866831411312466,0.9914822444093954,0.10706866145812632,0.9283536585365854,0.8926019465586246,0.8969397697440342,0.8878129655078404,138.59924221038818,False
18,2.320866025105015e-06,0.009022933586318003,0.9891543108182317,0.9934158858910724,0.1031833590378017,0.9298780487804879,0.8949806268810698,0.9086751278511975,0.8969471082032374,138.5301389694214,False
19,1.8128800512565508e-06,0.008523178387027723,0.9897034596375618,0.9933336499769801,0.10686030508772669,0.9336890243902439,0.899781558077658,0.9053735484254167,0.8935823141230482,138.41685843467712,False
20,1.3551568628929432e-06,0.007559970859713077,0.9906644700713894,0.9948349737211813,0.10893943524722156,0.9329268292682927,0.9006350051397465,0.9101462756981441,0.8993258075072857,138.32972955703735,True
21,9.549150281252633e-07,0.00715947975493742,0.9910763316858868,0.9951452428824045,0.11090984513539408,0.9336890243902439,0.8997817488792764,0.8978735484254168,0.8894755193109225,138.32151222229004,False
22,6.184665997806822e-07,0.0066618001649032445,0.9914881933003844,0.995507154994496,0.11121737306160778,0.9336890243902439,0.8992489303464579,0.8978735484254168,0.8891351020382144,138.621253490448,False
23,3.511175705587433e-07,0.006546757185727077,0.9925864909390445,0.9950231837815838,0.1103164902564536,0.9336890243902439,0.8997817488792764,0.8978735484254168,0.8894755193109225,138.41112518310547,False
24,1.5708419435684518e-07,0.00769031693713516,0.9884678747940692,0.9939815697831292,0.11000898683908406,0.9344512195121951,0.9020611975008304,0.8985228990747673,0.8910331653112931,138.3398950099945,False
25,3.9426493427611177e-08,0.006754097295445551,0.9925864909390445,0.9961299430811211,0.10987069242999707,0.9344512195121951,0.9020611975008304,0.8985228990747673,0.8910331653112931,138.54515600204468,False
