0.89942529,0.00000000,0.00000000,0.00287356,0.02873563,0.00574713,0.00287356,0.00000000,0.00000000,0.00000000,0.00287356,0.04310345,0.00000000,0.00287356,0.00574713,0.00000000,0.00000000,0.00000000,0.00287356,0.00287356
0.00000000,0.90909091,0.00000000,0.00000000,0.09090909,0.00000000,0.00000000,0.00000000,0.00000000,0.00000000,0.00000000,0.00000000,0.00000000,0.00000000,0.00000000,0.00000000,0.00000000,0.00000000,0.00000000,0.00000000
0.00000000,0.00000000,1.00000000,0.00000000,0.00000000,0.00000000,0.00000000,0.00000000,0.00000000,0.00000000,0.00000000,0.00000000,0.00000000,0.00000000,0.00000000,0.00000000,0.00000000,0.00000000,0.00000000,0.00000000
0.00000000,0.00000000,0.00000000,0.87804878,0.12195122,0.00000000,0.00000000,0.00000000,0.00000000,0.00000000,0.00000000,0.00000000,0.00000000,0.00000000,0.00000000,0.00000000,0.00000000,0.00000000,0.00000000,0.00000000
0.01486989,0.00000000,0.00000000,0.00743494,0.93680297,0.01672862,0.00000000,0.00000000,0.00000000,0.00000000,0.00371747,0.01115242,0.00000000,0.00557621,0.00000000,0.00371747,0.00000000,0.00000000,0.00000000,0.00000000
0.05555556,0.00000000,0.00000000,0.00000000,0.12500000,0.81944444,0.00000000,0.00000000,0.00000000,0.00000000,0.00000000,0.00000000,0.00000000,0.00000000,0.00000000,0.00000000,0.00000000,0.00000000,0.00000000,0.00000000
0.00000000,0.00000000,0.00000000,0.00000000,0.15384615,0.00000000,0.61538462,0.00000000,0.00000000,0.00000000,0.07692308,0.00000000,0.00000000,0.15384615,0.00000000,0.00000000,0.00000000,0.00000000,0.00000000,0.00000000
0.00000000,0.00000000,0.00000000,0.00000000,0.00000000,0.00000000,0.00000000,1.00000000,0.00000000,0.00000000,0.00000000,0.00000000,0.00000000,0.00000000,0.00000000,0.00000000,0.00000000,0.00000000,0.00000000,0.00000000
0.00000000,0.00000000,0.00000000,0.00000000,0.30000000,0.10000000,0.00000000,0.00000000,0.50000000,0.00000000,0.00000000,0.00000000,0.00000000,0.00000000,0.00000000,0.10000000,0.00000000,0.00000000,0.00000000,0.00000000
0.10000000,0.10000000,0.00000000,0.10000000,0.10000000,0.00000000,0.00000000,0.00000000,0.00000000,0.30000000,0.00000000,0.00000000,0.00000000,0.00000000,0.00000000,0.00000000,0.00000000,0.10000000,0.20000000,0.00000000
0.00000000,0.00000000,0.00000000,0.00000000,0.02105263,0.00000000,0.00000000,0.00000000,0.00000000,0.00000000,0.96842105,0.00000000,0.00000000,0.01052632,0.00000000,0.00000000,0.00000000,0.00000000,0.00000000,0.00000000
0.03167421,0.00000000,0.00000000,0.00000000,0.02714932,0.00000000,0.00000000,0.00452489,0.00000000,0.00000000,0.00000000,0.92760181,0.00000000,0.00000000,0.00904977,0.00000000,0.00000000,0.00000000,0.00000000,0.00000000
0.10000000,0.00000000,0.00000000,0.20000000,0.00000000,0.00000000,0.00000000,0.00000000,0.00000000,0.00000000,0.00000000,0.00000000,0.70000000,0.00000000,0.00000000,0.00000000,0.00000000,0.00000000,0.00000000,0.00000000
0.00000000,0.05000000,0.00000000,0.00000000,0.00000000,0.00000000,0.05000000,0.00000000,0.00000000,0.00000000,0.00000000,0.00000000,0.00000000,0.90000000,0.00000000,0.00000000,0.00000000,0.00000000,0.00000000,0.00000000
0.00000000,0.00000000,0.00000000,0.00000000,0.03448276,0.00000000,0.00000000,0.00000000,0.00000000,0.00000000,0.00000000,0.03448276,0.00000000,0.00000000,0.93103448,0.00000000,0.00000000,0.00000000,0.00000000,0.00000000
0.00000000,0.00000000,0.00000000,0.00000000,0.00000000,0.00000000,0.00000000,0.00000000,0.00000000,0.00000000,0.05263158,0.00000000,0.00000000,0.00000000,0.00000000,0.89473684,0.00000000,0.00000000,0.00000000,0.05263158
0.00000000,0.18181818,0.00000000,0.00000000,0.09090909,0.00000000,0.00000000,0.00000000,0.00000000,0.00000000,0.00000000,0.00000000,0.00000000,0.00000000,0.00000000,0.00000000,0.72727273,0.00000000,0.00000000,0.00000000
0.00000000,0.00000000,0.00000000,0.00000000,0.10000000,0.00000000,0.00000000,0.20000000,0.00000000,0.00000000,0.00000000,0.00000000,0.00000000,0.00000000,0.00000000,0.00000000,0.00000000,0.70000000,0.00000000,0.00000000
0.00000000,0.00000000,0.00000000,0.02500000,0.00000000,0.00000000,0.00000000,0.00000000,0.00000000,0.00000000,0.00000000,0.02500000,0.00000000,0.00000000,0.00000000,0.00000000,0.00000000,0.00000000,0.95000000,0.00000000
0.01315789,0.00000000,0.00000000,0.00000000,0.00000000,0.00000000,0.00000000,0.00000000,0.00000000,0.00000000,0.01315789,0.00000000,0.00000000,0.00000000,0.00000000,0.00000000,0.00000000,0.00000000,0.00000000,0.97368421
