class,precision,recall,f1_score,support
00_coral,0.9343283582089552,0.8994252873563219,0.9165446559297218,348.0
01_crab,0.7142857142857143,0.9090909090909091,0.8,11.0
02_diver,1.0,1.0,1.0,13.0
03_eel,0.8,0.8780487804878049,0.8372093023255814,41.0
04_fish,0.9230769230769231,0.9368029739776952,0.9298892988929889,538.0
05_fishInGroups,0.8309859154929577,0.8194444444444444,0.8251748251748252,72.0
06_flatworm,0.8,0.6153846153846154,0.6956521739130435,13.0
07_jellyfish,0.8928571428571429,1.0,0.9433962264150944,25.0
08_marine_dolphin,1.0,0.5,0.6666666666666666,10.0
09_octopus,1.0,0.3,0.46153846153846156,10.0
10_rayfish,0.9387755102040817,0.968421052631579,0.9533678756476683,95.0
11_seaAnemone,0.8991228070175439,0.9276018099547512,0.9131403118040089,221.0
12_seaCucumber,1.0,0.7,0.8235294117647058,10.0
13_seaSlug,0.72,0.9,0.8,20.0
14_seaUrchin,0.8709677419354839,0.9310344827586207,0.9,29.0
15_shark,0.85,0.8947368421052632,0.8717948717948718,19.0
16_shrimp,1.0,0.7272727272727273,0.8421052631578947,11.0
17_squid,0.875,0.7,0.7777777777777778,10.0
18_starfish,0.926829268292683,0.95,0.9382716049382716,40.0
19_turtle,0.9736842105263158,0.9736842105263158,0.9736842105263158,76.0
macro avg,0.8974956795948901,0.8265474067995523,0.8434871469133949,1612.0
weighted avg,0.9134567367768404,0.9112903225806451,0.9097591443711014,1612.0
