frozen_sample_order,group_code,xai_group,group_sample_order,publication_subset,sample_id,hf_test_index,relative_image_path,true_class_id,true_class_name,predicted_class_id,predicted_class_name,top1_probability,correct,explanation_target_class_id,explanation_target_class_name
1,A,correct_high_confidence,1,True,614,614,test/04_fish/hf_test_000614.jpg,4,04_fish,4,04_fish,0.9988441467285156,True,4,04_fish
2,A,correct_high_confidence,2,True,1573,1573,test/19_turtle/hf_test_001573.jpg,19,19_turtle,19,19_turtle,0.998842716217041,True,19,19_turtle
3,A,correct_high_confidence,3,True,1567,1567,test/19_turtle/hf_test_001567.jpg,19,19_turtle,19,19_turtle,0.9987873435020448,True,19,19_turtle
4,A,correct_high_confidence,4,False,642,642,test/04_fish/hf_test_000642.jpg,4,04_fish,4,04_fish,0.9987088441848756,True,4,04_fish
5,A,correct_high_confidence,5,False,1596,1596,test/19_turtle/hf_test_001596.jpg,19,19_turtle,19,19_turtle,0.9987000226974488,True,19,19_turtle
6,B,correct_difficult,1,True,1605,1605,test/19_turtle/hf_test_001605.jpg,19,19_turtle,19,19_turtle,0.2230295687913894,True,19,19_turtle
7,B,correct_difficult,2,True,1372,1372,test/11_seaAnemone/hf_test_001372.jpg,11,11_seaAnemone,11,11_seaAnemone,0.3314030468463897,True,11,11_seaAnemone
8,B,correct_difficult,3,True,500,500,test/04_fish/hf_test_000500.jpg,4,04_fish,4,04_fish,0.4300433099269867,True,4,04_fish
9,B,correct_difficult,4,False,430,430,test/04_fish/hf_test_000430.jpg,4,04_fish,4,04_fish,0.4322527348995209,True,4,04_fish
10,B,correct_difficult,5,False,482,482,test/04_fish/hf_test_000482.jpg,4,04_fish,4,04_fish,0.450608342885971,True,4,04_fish
11,C,misclassified_high_confidence,1,True,577,577,test/04_fish/hf_test_000577.jpg,4,04_fish,0,00_coral,0.9947620034217834,False,0,00_coral
12,C,misclassified_high_confidence,2,True,3,3,test/00_coral/hf_test_000003.jpg,0,00_coral,11,11_seaAnemone,0.9930556416511536,False,11,11_seaAnemone
13,C,misclassified_high_confidence,3,True,217,217,test/00_coral/hf_test_000217.jpg,0,00_coral,10,10_rayfish,0.9923093318939208,False,10,10_rayfish
14,C,misclassified_high_confidence,4,False,944,944,test/04_fish/hf_test_000944.jpg,4,04_fish,3,03_eel,0.9910567998886108,False,3,03_eel
15,C,misclassified_high_confidence,5,False,1199,1199,test/11_seaAnemone/hf_test_001199.jpg,11,11_seaAnemone,4,04_fish,0.9908329844474792,False,4,04_fish
16,D,minority_weak_class,1,True,1061,1061,test/08_marine_dolphin/hf_test_001061.jpg,8,08_marine_dolphin,5,05_fishInGroups,0.6217499375343323,False,5,05_fishInGroups
17,D,minority_weak_class,2,True,1071,1071,test/09_octopus/hf_test_001071.jpg,9,09_octopus,9,09_octopus,0.8411881923675537,True,9,09_octopus
18,D,minority_weak_class,3,True,1486,1486,test/17_squid/hf_test_001486.jpg,17,17_squid,17,17_squid,0.9810473322868348,True,17,17_squid
19,D,minority_weak_class,4,False,1397,1397,test/12_seaCucumber/hf_test_001397.jpg,12,12_seaCucumber,12,12_seaCucumber,0.9872734546661376,True,12,12_seaCucumber
20,D,minority_weak_class,5,False,1456,1456,test/15_shark/hf_test_001456.jpg,15,15_shark,15,15_shark,0.9937978386878968,True,15,15_shark
