parameter,locked_value
official_stage,X02_F06_FINAL_LIME
model,F06_CONVNEXT_SMALL_HR384_GENTLE_CB_FOCAL
checkpoint_epoch,2
checkpoint_sha256,d0c225c28b25f09822bc99518a37f9b1fe642b2d01213da7f68e2d76a255832a
random_seed,42
num_samples,1000
segmentation_method,SLIC
slic_n_segments,100
slic_compactness,10
slic_sigma,1
slic_start_label,0
num_positive_features,10
positive_only,True
hide_rest_explanation,True
target_class_rule,F06_PREDICTED_CLASS
visualization_rule,positive_region_explanation_and_boundary_overlay
image_representation,RGB_JPEG_quality95_reload
model_input_resolution,384x384
normalization,ImageNet_mean_std
sample_registry,X01_frozen_xai_sample_registry.csv
publication_subset_rule,first_3_frozen_samples_per_group
protocol_locked_before_lime_generation,True
lime_kernel_width,0.25
lime_feature_selection,auto
perturbation_hide_color,None_segment_mean
distance_metric,cosine
classifier_batch_size,32
top_labels,None
lime_version,0.2.0.1
