frozen_sample_order,group_code,xai_group,group_sample_order,publication_subset,sample_id,hf_test_index,relative_image_path,true_class_id,true_class_name,predicted_class_id,predicted_class_name,official_prediction_confidence,reproduced_prediction_confidence,correct,explanation_target_class_id,explanation_target_class_name,lime_random_seed,lime_num_samples,segmentation_method,slic_n_segments_requested,slic_compactness,slic_sigma,slic_start_label,actual_segment_count,num_positive_features_requested,positive_segment_count,positive_segment_ids,positive_segment_weights,positive_pixel_fraction,positive_only,hide_rest_explanation,checkpoint_sha256,image_representation,original_file,explanation_file,mask_file,overlay_file,generation_seconds
1,A,correct_high_confidence,1,True,614,614,test/04_fish/hf_test_000614.jpg,4,04_fish,4,04_fish,0.9988441467285156,0.9988441467285156,True,4,04_fish,42,1000,SLIC,100,10,1,0,84,10,9,"[43, 25, 30, 41, 35, 28, 61, 48, 38]","[0.015275068222067258, 0.00939397859845683, 0.00600622032076931, 0.004460605374493769, 0.0033674759444515387, 0.003177091968733759, 0.002681603518831271, 0.002559527544763385, 0.0024111421285693997]",0.1423492431640625,True,True,d0c225c28b25f09822bc99518a37f9b1fe642b2d01213da7f68e2d76a255832a,RGB_JPEG_quality95_reload,lime/originals/X02_01_GA_sid0614_original.jpg,lime/explanations/X02_01_GA_sid0614_lime_positive.png,lime/masks/X02_01_GA_sid0614_lime_mask.png,lime/overlays/X02_01_GA_sid0614_lime_overlay.png,31.263881954999306
2,A,correct_high_confidence,2,True,1573,1573,test/19_turtle/hf_test_001573.jpg,19,19_turtle,19,19_turtle,0.998842716217041,0.9988425970077515,True,19,19_turtle,42,1000,SLIC,100,10,1,0,84,10,10,"[31, 60, 53, 71, 73, 34, 12, 58, 62, 21]","[0.030754222740464143, 0.01856440688646896, 0.013479522776034376, 0.009771856259530441, 0.00954444557727175, 0.008349161121802283, 0.007877333045641782, 0.007581742853301857, 0.006763353129198118, 0.006566366482293386]",0.14954427083333333,True,True,d0c225c28b25f09822bc99518a37f9b1fe642b2d01213da7f68e2d76a255832a,RGB_JPEG_quality95_reload,lime/originals/X02_02_GA_sid1573_original.jpg,lime/explanations/X02_02_GA_sid1573_lime_positive.png,lime/masks/X02_02_GA_sid1573_lime_mask.png,lime/overlays/X02_02_GA_sid1573_lime_overlay.png,28.021474952000062
3,A,correct_high_confidence,3,True,1567,1567,test/19_turtle/hf_test_001567.jpg,19,19_turtle,19,19_turtle,0.9987873435020448,0.9987874627113342,True,19,19_turtle,42,1000,SLIC,100,10,1,0,80,10,10,"[17, 33, 35, 46, 41, 37, 26, 48, 57, 64]","[0.06346564384397185, 0.06170021158515992, 0.031051629175981813, 0.027394507785282157, 0.024341608636637868, 0.018022317153066136, 0.01709282188928033, 0.016796085028744048, 0.016792094939511944, 0.014950047471808647]",0.16350260416666668,True,True,d0c225c28b25f09822bc99518a37f9b1fe642b2d01213da7f68e2d76a255832a,RGB_JPEG_quality95_reload,lime/originals/X02_03_GA_sid1567_original.jpg,lime/explanations/X02_03_GA_sid1567_lime_positive.png,lime/masks/X02_03_GA_sid1567_lime_mask.png,lime/overlays/X02_03_GA_sid1567_lime_overlay.png,27.946212584998648
4,A,correct_high_confidence,4,False,642,642,test/04_fish/hf_test_000642.jpg,4,04_fish,4,04_fish,0.9987088441848756,0.9986988306045532,True,4,04_fish,42,1000,SLIC,100,10,1,0,85,10,9,"[38, 42, 34, 53, 49, 37, 44, 43, 46]","[0.03389698056177288, 0.016498816103832133, 0.010758605585763508, 0.01059764513868126, 0.007711022757153624, 0.007696346672137626, 0.006570596031533894, 0.006279810371036951, 0.005733270994198041]",0.112213134765625,True,True,d0c225c28b25f09822bc99518a37f9b1fe642b2d01213da7f68e2d76a255832a,RGB_JPEG_quality95_reload,lime/originals/X02_04_GA_sid0642_original.jpg,lime/explanations/X02_04_GA_sid0642_lime_positive.png,lime/masks/X02_04_GA_sid0642_lime_mask.png,lime/overlays/X02_04_GA_sid0642_lime_overlay.png,27.489988146999167
5,A,correct_high_confidence,5,False,1596,1596,test/19_turtle/hf_test_001596.jpg,19,19_turtle,19,19_turtle,0.9987000226974488,0.9987001419067383,True,19,19_turtle,42,1000,SLIC,100,10,1,0,89,10,9,"[57, 38, 43, 44, 32, 62, 80, 55, 26]","[0.08238754494176687, 0.08121176128908407, 0.0689780636426516, 0.05948015415548686, 0.03824205527994154, 0.03388366132470487, 0.028302214808676385, 0.026708634830774715, 0.024144054555579546]",0.1154327392578125,True,True,d0c225c28b25f09822bc99518a37f9b1fe642b2d01213da7f68e2d76a255832a,RGB_JPEG_quality95_reload,lime/originals/X02_05_GA_sid1596_original.jpg,lime/explanations/X02_05_GA_sid1596_lime_positive.png,lime/masks/X02_05_GA_sid1596_lime_mask.png,lime/overlays/X02_05_GA_sid1596_lime_overlay.png,27.55712611600029
6,B,correct_difficult,1,True,1605,1605,test/19_turtle/hf_test_001605.jpg,19,19_turtle,19,19_turtle,0.2230295687913894,0.22300130128860474,True,19,19_turtle,42,1000,SLIC,100,10,1,0,91,10,9,"[41, 43, 52, 55, 59, 30, 44, 12, 67]","[0.005836729211008624, 0.005275750117296052, 0.004452322073700772, 0.004254274943033227, 0.003969162522239428, 0.003648077846089839, 0.003169203565060158, 0.0025853429800470535, 0.002520978918999163]",0.0944366455078125,True,True,d0c225c28b25f09822bc99518a37f9b1fe642b2d01213da7f68e2d76a255832a,RGB_JPEG_quality95_reload,lime/originals/X02_06_GB_sid1605_original.jpg,lime/explanations/X02_06_GB_sid1605_lime_positive.png,lime/masks/X02_06_GB_sid1605_lime_mask.png,lime/overlays/X02_06_GB_sid1605_lime_overlay.png,27.49768898199909
7,B,correct_difficult,2,True,1372,1372,test/11_seaAnemone/hf_test_001372.jpg,11,11_seaAnemone,11,11_seaAnemone,0.3314030468463897,0.3314034640789032,True,11,11_seaAnemone,42,1000,SLIC,100,10,1,0,83,10,10,"[52, 47, 53, 56, 35, 59, 44, 64, 11, 38]","[0.0347827688379955, 0.03035945405318159, 0.0273463453075136, 0.022746397135122633, 0.0216167297968507, 0.016715220240088778, 0.015437170408801212, 0.014803448039475779, 0.009927685259794676, 0.009431657055242116]",0.1401519775390625,True,True,d0c225c28b25f09822bc99518a37f9b1fe642b2d01213da7f68e2d76a255832a,RGB_JPEG_quality95_reload,lime/originals/X02_07_GB_sid1372_original.jpg,lime/explanations/X02_07_GB_sid1372_lime_positive.png,lime/masks/X02_07_GB_sid1372_lime_mask.png,lime/overlays/X02_07_GB_sid1372_lime_overlay.png,27.406431124998562
8,B,correct_difficult,3,True,500,500,test/04_fish/hf_test_000500.jpg,4,04_fish,4,04_fish,0.4300433099269867,0.4301885664463043,True,4,04_fish,42,1000,SLIC,100,10,1,0,76,10,8,"[27, 39, 43, 42, 32, 24, 33, 37]","[0.2092839999839348, 0.19341432930771646, 0.1568907374227198, 0.11298094946641614, 0.0981953526488238, 0.0870338445471404, 0.07639385164842513, 0.07550253993009251]",0.1636962890625,True,True,d0c225c28b25f09822bc99518a37f9b1fe642b2d01213da7f68e2d76a255832a,RGB_JPEG_quality95_reload,lime/originals/X02_08_GB_sid0500_original.jpg,lime/explanations/X02_08_GB_sid0500_lime_positive.png,lime/masks/X02_08_GB_sid0500_lime_mask.png,lime/overlays/X02_08_GB_sid0500_lime_overlay.png,27.361516084998584
9,B,correct_difficult,4,False,430,430,test/04_fish/hf_test_000430.jpg,4,04_fish,4,04_fish,0.4322527348995209,0.4332118332386017,True,4,04_fish,42,1000,SLIC,100,10,1,0,71,10,9,"[43, 40, 56, 38, 57, 58, 65, 8, 51]","[0.039439581993462196, 0.03307918785728728, 0.011477403186315375, 0.010632000249380307, 0.009142250623698934, 0.007816437460232901, 0.007351169359818765, 0.006514114974429181, 0.006369458032542375]",0.1575164794921875,True,True,d0c225c28b25f09822bc99518a37f9b1fe642b2d01213da7f68e2d76a255832a,RGB_JPEG_quality95_reload,lime/originals/X02_09_GB_sid0430_original.jpg,lime/explanations/X02_09_GB_sid0430_lime_positive.png,lime/masks/X02_09_GB_sid0430_lime_mask.png,lime/overlays/X02_09_GB_sid0430_lime_overlay.png,27.296200478000173
10,B,correct_difficult,5,False,482,482,test/04_fish/hf_test_000482.jpg,4,04_fish,4,04_fish,0.450608342885971,0.4506084620952606,True,4,04_fish,42,1000,SLIC,100,10,1,0,70,10,9,"[31, 3, 16, 10, 27, 1, 12, 34, 17]","[0.1579683570420207, 0.15254247513293984, 0.0885746668792297, 0.07557217189772786, 0.067971127118082, 0.05421427797807992, 0.041206685699476116, 0.03376634281381204, 0.031137582297753718]",0.1594085693359375,True,True,d0c225c28b25f09822bc99518a37f9b1fe642b2d01213da7f68e2d76a255832a,RGB_JPEG_quality95_reload,lime/originals/X02_10_GB_sid0482_original.jpg,lime/explanations/X02_10_GB_sid0482_lime_positive.png,lime/masks/X02_10_GB_sid0482_lime_mask.png,lime/overlays/X02_10_GB_sid0482_lime_overlay.png,27.276755544999105
11,C,misclassified_high_confidence,1,True,577,577,test/04_fish/hf_test_000577.jpg,4,04_fish,0,00_coral,0.9947620034217834,0.9947620034217834,False,0,00_coral,42,1000,SLIC,100,10,1,0,91,10,8,"[34, 41, 11, 15, 67, 3, 48, 89]","[0.025288054248479307, 0.020045232092149437, 0.019522850363300804, 0.014879125985158984, 0.012158699661187752, 0.011367947623988128, 0.009378548995501815, 0.009346888425682806]",0.07609375,True,True,d0c225c28b25f09822bc99518a37f9b1fe642b2d01213da7f68e2d76a255832a,RGB_JPEG_quality95_reload,lime/originals/X02_11_GC_sid0577_original.jpg,lime/explanations/X02_11_GC_sid0577_lime_positive.png,lime/masks/X02_11_GC_sid0577_lime_mask.png,lime/overlays/X02_11_GC_sid0577_lime_overlay.png,28.06601740699989
12,C,misclassified_high_confidence,2,True,3,3,test/00_coral/hf_test_000003.jpg,0,00_coral,11,11_seaAnemone,0.9930556416511536,0.9930558800697327,False,11,11_seaAnemone,42,1000,SLIC,100,10,1,0,91,10,7,"[34, 46, 47, 23, 11, 21, 32]","[0.04241659424197469, 0.029332511456103556, 0.022520895708774278, 0.017023606060749038, 0.015226604375911673, 0.0138132369399648, 0.012575904322596967]",0.0952606201171875,True,True,d0c225c28b25f09822bc99518a37f9b1fe642b2d01213da7f68e2d76a255832a,RGB_JPEG_quality95_reload,lime/originals/X02_12_GC_sid0003_original.jpg,lime/explanations/X02_12_GC_sid0003_lime_positive.png,lime/masks/X02_12_GC_sid0003_lime_mask.png,lime/overlays/X02_12_GC_sid0003_lime_overlay.png,27.541067668000323
13,C,misclassified_high_confidence,3,True,217,217,test/00_coral/hf_test_000217.jpg,0,00_coral,10,10_rayfish,0.9923093318939208,0.9922499656677246,False,10,10_rayfish,42,1000,SLIC,100,10,1,0,93,10,10,"[76, 67, 49, 68, 77, 85, 74, 80, 38, 87]","[0.25657836314573723, 0.11487892333239795, 0.09422027761768687, 0.07160178611616742, 0.06684214666386949, 0.061378299105013884, 0.056868907504628446, 0.052115253443419454, 0.047853497836978454, 0.04539347141776484]",0.1013031005859375,True,True,d0c225c28b25f09822bc99518a37f9b1fe642b2d01213da7f68e2d76a255832a,RGB_JPEG_quality95_reload,lime/originals/X02_13_GC_sid0217_original.jpg,lime/explanations/X02_13_GC_sid0217_lime_positive.png,lime/masks/X02_13_GC_sid0217_lime_mask.png,lime/overlays/X02_13_GC_sid0217_lime_overlay.png,27.627502563000235
14,C,misclassified_high_confidence,4,False,944,944,test/04_fish/hf_test_000944.jpg,4,04_fish,3,03_eel,0.9910567998886108,0.9910219311714172,False,3,03_eel,42,1000,SLIC,100,10,1,0,81,10,10,"[48, 29, 34, 42, 23, 58, 41, 27, 52, 35]","[0.20217441443683606, 0.12047472228979442, 0.10696930530406476, 0.09735901668596442, 0.0971181975180341, 0.09360102817828767, 0.0600520835663439, 0.048227478001375536, 0.04663082727082426, 0.04304403211988756]",0.13470458984375,True,True,d0c225c28b25f09822bc99518a37f9b1fe642b2d01213da7f68e2d76a255832a,RGB_JPEG_quality95_reload,lime/originals/X02_14_GC_sid0944_original.jpg,lime/explanations/X02_14_GC_sid0944_lime_positive.png,lime/masks/X02_14_GC_sid0944_lime_mask.png,lime/overlays/X02_14_GC_sid0944_lime_overlay.png,27.384239922999768
15,C,misclassified_high_confidence,5,False,1199,1199,test/11_seaAnemone/hf_test_001199.jpg,11,11_seaAnemone,4,04_fish,0.9908329844474792,0.9907618165016174,False,4,04_fish,42,1000,SLIC,100,10,1,0,75,10,9,"[16, 37, 33, 28, 22, 55, 9, 43, 42]","[0.3975383240102723, 0.26303820318475124, 0.14144042068592352, 0.10718068482705664, 0.07922399268697035, 0.05873755485525089, 0.04644075041634397, 0.04225171258396639, 0.03869973902115311]",0.179840087890625,True,True,d0c225c28b25f09822bc99518a37f9b1fe642b2d01213da7f68e2d76a255832a,RGB_JPEG_quality95_reload,lime/originals/X02_15_GC_sid1199_original.jpg,lime/explanations/X02_15_GC_sid1199_lime_positive.png,lime/masks/X02_15_GC_sid1199_lime_mask.png,lime/overlays/X02_15_GC_sid1199_lime_overlay.png,27.350050289998762
16,D,minority_weak_class,1,True,1061,1061,test/08_marine_dolphin/hf_test_001061.jpg,8,08_marine_dolphin,5,05_fishInGroups,0.6217499375343323,0.6217502951622009,False,5,05_fishInGroups,42,1000,SLIC,100,10,1,0,85,10,4,"[73, 72, 75, 21]","[0.08585823555593113, 0.053715778427777056, 0.04936459740239519, 0.029130344721602402]",0.1047821044921875,True,True,d0c225c28b25f09822bc99518a37f9b1fe642b2d01213da7f68e2d76a255832a,RGB_JPEG_quality95_reload,lime/originals/X02_16_GD_sid1061_original.jpg,lime/explanations/X02_16_GD_sid1061_lime_positive.png,lime/masks/X02_16_GD_sid1061_lime_mask.png,lime/overlays/X02_16_GD_sid1061_lime_overlay.png,27.42060502899949
17,D,minority_weak_class,2,True,1071,1071,test/09_octopus/hf_test_001071.jpg,9,09_octopus,9,09_octopus,0.8411881923675537,0.8411833643913269,True,9,09_octopus,42,1000,SLIC,100,10,1,0,82,10,10,"[31, 38, 58, 42, 45, 40, 54, 18, 39, 63]","[0.14268097258456494, 0.1057079277695184, 0.10288924487103744, 0.09191603438444773, 0.08807785242141594, 0.06754840478099057, 0.060630557659622504, 0.05927907877603086, 0.05901811923736511, 0.04145550082414218]",0.192840576171875,True,True,d0c225c28b25f09822bc99518a37f9b1fe642b2d01213da7f68e2d76a255832a,RGB_JPEG_quality95_reload,lime/originals/X02_17_GD_sid1071_original.jpg,lime/explanations/X02_17_GD_sid1071_lime_positive.png,lime/masks/X02_17_GD_sid1071_lime_mask.png,lime/overlays/X02_17_GD_sid1071_lime_overlay.png,27.38554418900094
18,D,minority_weak_class,3,True,1486,1486,test/17_squid/hf_test_001486.jpg,17,17_squid,17,17_squid,0.9810473322868348,0.9810473322868347,True,17,17_squid,42,1000,SLIC,100,10,1,0,99,10,10,"[49, 38, 37, 46, 34, 43, 44, 40, 48, 50]","[0.12408351548557983, 0.11173144352523119, 0.0882455547187213, 0.07542568203448664, 0.06837130187723897, 0.06306565211520312, 0.0628181326013739, 0.06013057931569123, 0.057463522860264044, 0.05558059557624845]",0.10842444204964194,True,True,d0c225c28b25f09822bc99518a37f9b1fe642b2d01213da7f68e2d76a255832a,RGB_JPEG_quality95_reload,lime/originals/X02_18_GD_sid1486_original.jpg,lime/explanations/X02_18_GD_sid1486_lime_positive.png,lime/masks/X02_18_GD_sid1486_lime_mask.png,lime/overlays/X02_18_GD_sid1486_lime_overlay.png,110.6431848100001
19,D,minority_weak_class,4,False,1397,1397,test/12_seaCucumber/hf_test_001397.jpg,12,12_seaCucumber,12,12_seaCucumber,0.9872734546661376,0.9872735738754272,True,12,12_seaCucumber,42,1000,SLIC,100,10,1,0,92,10,8,"[45, 53, 60, 32, 37, 54, 55, 28]","[0.3607748217867308, 0.2739297294546946, 0.2651801862306815, 0.10247306599634563, 0.09281634501479973, 0.09238631789742591, 0.05741600768956921, 0.0570872941528166]",0.1129913330078125,True,True,d0c225c28b25f09822bc99518a37f9b1fe642b2d01213da7f68e2d76a255832a,RGB_JPEG_quality95_reload,lime/originals/X02_19_GD_sid1397_original.jpg,lime/explanations/X02_19_GD_sid1397_lime_positive.png,lime/masks/X02_19_GD_sid1397_lime_mask.png,lime/overlays/X02_19_GD_sid1397_lime_overlay.png,27.5744973689998
20,D,minority_weak_class,5,False,1456,1456,test/15_shark/hf_test_001456.jpg,15,15_shark,15,15_shark,0.9937978386878968,0.9938030242919922,True,15,15_shark,42,1000,SLIC,100,10,1,0,87,10,8,"[53, 51, 47, 24, 39, 46, 56, 45]","[0.043994260906743986, 0.0422305526508487, 0.03779425031079465, 0.03274262845726715, 0.03246093438229831, 0.031077863891096784, 0.028876730339930386, 0.015458419775084453]",0.08624267578125,True,True,d0c225c28b25f09822bc99518a37f9b1fe642b2d01213da7f68e2d76a255832a,RGB_JPEG_quality95_reload,lime/originals/X02_20_GD_sid1456_original.jpg,lime/explanations/X02_20_GD_sid1456_lime_positive.png,lime/masks/X02_20_GD_sid1456_lime_mask.png,lime/overlays/X02_20_GD_sid1456_lime_overlay.png,27.40450536499884
