class,precision,recall,f1,support
coral,0.8319783197831978,0.882183908045977,0.8563458856345886,348
crab,0.6666666666666666,0.5454545454545454,0.6,11
diver,0.9,0.6923076923076923,0.782608695652174,13
eel,0.6896551724137931,0.4878048780487805,0.5714285714285714,41
fish,0.8347386172006745,0.9200743494423792,0.8753315649867374,538
fishInGroups,0.7833333333333333,0.6527777777777778,0.7121212121212122,72
flatworm,1.0,0.23076923076923078,0.375,13
jellyfish,0.9047619047619048,0.76,0.8260869565217391,25
marine_dolphin,0.6,0.3,0.4,10
octopus,0.8,0.4,0.5333333333333333,10
rayfish,0.8260869565217391,0.8,0.8128342245989305,95
seaAnemone,0.8744186046511628,0.8506787330316742,0.8623853211009175,221
seaCucumber,0.75,0.3,0.42857142857142855,10
seaSlug,0.6666666666666666,0.6,0.631578947368421,20
seaUrchin,0.8709677419354839,0.9310344827586207,0.9,29
shark,0.631578947368421,0.631578947368421,0.631578947368421,19
shrimp,0.875,0.6363636363636364,0.7368421052631579,11
squid,0.875,0.7,0.7777777777777778,10
starfish,0.9459459459459459,0.875,0.9090909090909091,40
turtle,0.8552631578947368,0.8552631578947368,0.8552631578947368,76
