epoch,time,train/loss,metrics/accuracy_top1,metrics/accuracy_top5,val/loss,lr/pg0,lr/pg1,lr/pg2,lr/pg3,lr/pg4,lr/pg5,lr/pg6,lr/pg7,fitness
1,40.3008,2.17069,0.75305,0.96799,0.9963,0.00991228,0.00330409,0.00991228,0.00330409,0.00991228,0.00330409,0.00991228,0.00330409,0.86052
2,76.0469,0.80738,0.85366,0.99009,0.47537,0.0198137,0.00660457,0.0198137,0.00660457,0.0198137,0.00660457,0.0198137,0.00660457,0.921875
3,111.752,0.44458,0.83613,0.98628,0.5324,0.0296161,0.00987205,0.0296161,0.00987205,0.0296161,0.00987205,0.0296161,0.00987205,0.911205
4,147.634,0.37228,0.81098,0.97942,0.5942,0.0295545,0.0098515,0.0295545,0.0098515,0.0295545,0.0098515,0.0295545,0.0098515,0.8952
5,183.373,0.32397,0.84451,0.98552,0.60032,0.029406,0.009802,0.029406,0.009802,0.029406,0.009802,0.029406,0.009802,0.9150149999999999
6,219.001,0.28246,0.84909,0.9878,0.54194,0.0292575,0.0097525,0.0292575,0.0097525,0.0292575,0.0097525,0.0292575,0.0097525,0.918445
7,254.478,0.23494,0.8529,0.99162,0.51164,0.029109,0.009703,0.029109,0.009703,0.029109,0.009703,0.029109,0.009703,0.92226
8,290.601,0.22614,0.85899,0.9878,0.51654,0.0289605,0.0096535,0.0289605,0.0096535,0.0289605,0.0096535,0.0289605,0.0096535,0.923395
9,326.512,0.21341,0.8407,0.99085,0.64732,0.028812,0.009604,0.028812,0.009604,0.028812,0.009604,0.028812,0.009604,0.915775
10,363.45,0.20899,0.84985,0.99009,0.60685,0.0286635,0.0095545,0.0286635,0.0095545,0.0286635,0.0095545,0.0286635,0.0095545,0.91997
11,399.385,0.19993,0.81479,0.98476,0.70497,0.028515,0.009505,0.028515,0.009505,0.028515,0.009505,0.028515,0.009505,0.899775
12,434.94,0.18206,0.8529,0.98552,0.67091,0.0283665,0.0094555,0.0283665,0.0094555,0.0283665,0.0094555,0.0283665,0.0094555,0.91921
13,471.198,0.17289,0.8468,0.98476,0.62369,0.028218,0.009406,0.028218,0.009406,0.028218,0.009406,0.028218,0.009406,0.91578
14,507.082,0.16477,0.84527,0.99314,0.62273,0.0280695,0.0093565,0.0280695,0.0093565,0.0280695,0.0093565,0.0280695,0.0093565,0.919205
15,543.395,0.163,0.84909,0.98628,0.64327,0.027921,0.009307,0.027921,0.009307,0.027921,0.009307,0.027921,0.009307,0.9176850000000001
16,579.033,0.1517,0.85061,0.9878,0.62896,0.0277725,0.0092575,0.0277725,0.0092575,0.0277725,0.0092575,0.0277725,0.0092575,0.919205
17,616.783,0.15938,0.84756,0.98628,0.63823,0.027624,0.009208,0.027624,0.009208,0.027624,0.009208,0.027624,0.009208,0.91692
18,653.726,0.14922,0.84832,0.98857,0.66913,0.0274755,0.0091585,0.0274755,0.0091585,0.0274755,0.0091585,0.0274755,0.0091585,0.918445
19,691.052,0.14022,0.84299,0.99162,0.69964,0.027327,0.009109,0.027327,0.009109,0.027327,0.009109,0.027327,0.009109,0.917305
20,728.304,0.13152,0.83613,0.98704,0.77949,0.0271785,0.0090595,0.0271785,0.0090595,0.0271785,0.0090595,0.0271785,0.0090595,0.9115850000000001
21,764.976,0.12986,0.83841,0.98399,0.77914,0.02703,0.00901,0.02703,0.00901,0.02703,0.00901,0.02703,0.00901,0.9112
22,801.936,0.13771,0.83994,0.98552,0.77389,0.0268815,0.0089605,0.0268815,0.0089605,0.0268815,0.0089605,0.0268815,0.0089605,0.91273
23,838.752,0.13632,0.83841,0.98933,0.74032,0.026733,0.008911,0.026733,0.008911,0.026733,0.008911,0.026733,0.008911,0.91387
24,874.27,0.12783,0.8468,0.98399,0.74252,0.0265845,0.0088615,0.0265845,0.0088615,0.0265845,0.0088615,0.0265845,0.0088615,0.915395
25,910.093,0.12826,0.8346,0.9878,0.83733,0.026436,0.008812,0.026436,0.008812,0.026436,0.008812,0.026436,0.008812,0.9112
26,946.001,0.11323,0.85137,0.99085,0.67285,0.0262875,0.0087625,0.0262875,0.0087625,0.0262875,0.0087625,0.0262875,0.0087625,0.92111
27,981.682,0.12331,0.84604,0.98628,0.70355,0.026139,0.008713,0.026139,0.008713,0.026139,0.008713,0.026139,0.008713,0.9161600000000001
28,1017.63,0.12126,0.83689,0.98323,0.71104,0.0259905,0.0086635,0.0259905,0.0086635,0.0259905,0.0086635,0.0259905,0.0086635,0.9100600000000001
29,1052.8,0.10767,0.84985,0.98552,0.66837,0.025842,0.008614,0.025842,0.008614,0.025842,0.008614,0.025842,0.008614,0.917685
30,1088.62,0.10681,0.85518,0.99085,0.67202,0.0256935,0.0085645,0.0256935,0.0085645,0.0256935,0.0085645,0.0256935,0.0085645,0.923015
31,1124.41,0.10469,0.84146,0.98476,0.71109,0.025545,0.008515,0.025545,0.008515,0.025545,0.008515,0.025545,0.008515,0.91311
32,1160.16,0.11023,0.8468,0.99162,0.75477,0.0253965,0.0084655,0.0253965,0.0084655,0.0253965,0.0084655,0.0253965,0.0084655,0.91921
33,1196.18,0.11381,0.84756,0.98552,0.78738,0.025248,0.008416,0.025248,0.008416,0.025248,0.008416,0.025248,0.008416,0.9165399999999999
34,1231.7,0.09797,0.85213,0.98323,0.73313,0.0250995,0.0083665,0.0250995,0.0083665,0.0250995,0.0083665,0.0250995,0.0083665,0.91768
35,1267.63,0.10998,0.85671,0.98399,0.7284,0.024951,0.008317,0.024951,0.008317,0.024951,0.008317,0.024951,0.008317,0.92035
36,1303.28,0.10173,0.85595,0.98323,0.74507,0.0248025,0.0082675,0.0248025,0.0082675,0.0248025,0.0082675,0.0248025,0.0082675,0.91959
37,1338.29,0.09697,0.84756,0.97866,0.71624,0.024654,0.008218,0.024654,0.008218,0.024654,0.008218,0.024654,0.008218,0.91311
38,1374.36,0.09947,0.86433,0.98323,0.73878,0.0245055,0.0081685,0.0245055,0.0081685,0.0245055,0.0081685,0.0245055,0.0081685,0.92378
39,1410.09,0.10221,0.85366,0.98247,0.75169,0.024357,0.008119,0.024357,0.008119,0.024357,0.008119,0.024357,0.008119,0.9180649999999999
40,1445.62,0.09938,0.8468,0.98476,0.80415,0.0242085,0.0080695,0.0242085,0.0080695,0.0242085,0.0080695,0.0242085,0.0080695,0.91578
41,1481.21,0.09871,0.85442,0.98399,0.72045,0.02406,0.00802,0.02406,0.00802,0.02406,0.00802,0.02406,0.00802,0.919205
42,1515.85,0.08711,0.85976,0.98399,0.73373,0.0239115,0.0079705,0.0239115,0.0079705,0.0239115,0.0079705,0.0239115,0.0079705,0.921875
43,1550.74,0.08845,0.83689,0.98399,0.82945,0.023763,0.007921,0.023763,0.007921,0.023763,0.007921,0.023763,0.007921,0.91044
44,1585.51,0.08469,0.83841,0.98323,0.7554,0.0236145,0.0078715,0.0236145,0.0078715,0.0236145,0.0078715,0.0236145,0.0078715,0.91082
45,1622.27,0.09111,0.85366,0.98018,0.66713,0.023466,0.007822,0.023466,0.007822,0.023466,0.007822,0.023466,0.007822,0.91692
46,1658.66,0.10052,0.83613,0.98171,0.77068,0.0233175,0.0077725,0.0233175,0.0077725,0.0233175,0.0077725,0.0233175,0.0077725,0.90892
47,1695.05,0.08255,0.83841,0.98323,0.74857,0.023169,0.007723,0.023169,0.007723,0.023169,0.007723,0.023169,0.007723,0.91082
48,1732.93,0.08396,0.85442,0.98399,0.88438,0.0230205,0.0076735,0.0230205,0.0076735,0.0230205,0.0076735,0.0230205,0.0076735,0.919205
49,1770.25,0.08727,0.86052,0.98704,0.69826,0.022872,0.007624,0.022872,0.007624,0.022872,0.007624,0.022872,0.007624,0.92378
50,1807.93,0.08518,0.85137,0.98628,0.86452,0.0227235,0.0075745,0.0227235,0.0075745,0.0227235,0.0075745,0.0227235,0.0075745,0.918825
51,1843.26,0.09468,0.85213,0.98171,0.75187,0.022575,0.007525,0.022575,0.007525,0.022575,0.007525,0.022575,0.007525,0.91692
52,1877.28,0.07967,0.85366,0.98095,0.77889,0.0224265,0.0074755,0.0224265,0.0074755,0.0224265,0.0074755,0.0224265,0.0074755,0.917305
53,1911.82,0.08136,0.8529,0.98247,0.71186,0.022278,0.007426,0.022278,0.007426,0.022278,0.007426,0.022278,0.007426,0.917685
54,1946.6,0.07891,0.85671,0.98399,0.72431,0.0221295,0.0073765,0.0221295,0.0073765,0.0221295,0.0073765,0.0221295,0.0073765,0.92035
55,1981.98,0.09037,0.84527,0.98247,0.77615,0.021981,0.007327,0.021981,0.007327,0.021981,0.007327,0.021981,0.007327,0.91387
56,2016.76,0.08993,0.8529,0.98323,0.7184,0.0218325,0.0072775,0.0218325,0.0072775,0.0218325,0.0072775,0.0218325,0.0072775,0.918065
57,2051.72,0.07215,0.85137,0.98628,0.75861,0.021684,0.007228,0.021684,0.007228,0.021684,0.007228,0.021684,0.007228,0.918825
58,2086.4,0.06746,0.85671,0.98247,0.82342,0.0215355,0.0071785,0.0215355,0.0071785,0.0215355,0.0071785,0.0215355,0.0071785,0.9195899999999999
59,2120.79,0.07423,0.85366,0.98171,0.78529,0.021387,0.007129,0.021387,0.007129,0.021387,0.007129,0.021387,0.007129,0.917685
60,2156.24,0.07852,0.85061,0.98552,0.76725,0.0212385,0.0070795,0.0212385,0.0070795,0.0212385,0.0070795,0.0212385,0.0070795,0.9180649999999999
61,2191.23,0.08559,0.85671,0.9779,0.72976,0.02109,0.00703,0.02109,0.00703,0.02109,0.00703,0.02109,0.00703,0.917305
62,2227.49,0.07025,0.83918,0.98247,0.82455,0.0209415,0.0069805,0.0209415,0.0069805,0.0209415,0.0069805,0.0209415,0.0069805,0.910825
63,2263.48,0.0728,0.84604,0.98171,0.77224,0.020793,0.006931,0.020793,0.006931,0.020793,0.006931,0.020793,0.006931,0.913875
64,2299.85,0.08282,0.83918,0.98171,0.83975,0.0206445,0.0068815,0.0206445,0.0068815,0.0206445,0.0068815,0.0206445,0.0068815,0.910445
65,2334.63,0.07791,0.8468,0.98476,0.85339,0.020496,0.006832,0.020496,0.006832,0.020496,0.006832,0.020496,0.006832,0.91578
66,2369.95,0.07654,0.86128,0.98399,0.76799,0.0203475,0.0067825,0.0203475,0.0067825,0.0203475,0.0067825,0.0203475,0.0067825,0.9226350000000001
67,2405.15,0.07983,0.84985,0.98476,0.83507,0.020199,0.006733,0.020199,0.006733,0.020199,0.006733,0.020199,0.006733,0.917305
68,2440.8,0.07844,0.85366,0.98323,0.77418,0.0200505,0.0066835,0.0200505,0.0066835,0.0200505,0.0066835,0.0200505,0.0066835,0.918445
