class_name,precision,recall,f1-score,support
00_coral,0.944615385,0.882183908,0.912332838,348
01_crab,0.846153846,1,0.916666667,11
02_diver,1,0.923076923,0.96,13
03_eel,0.769230769,0.975609756,0.860215054,41
04_fish,0.935543278,0.944237918,0.93987049,538
05_fishInGroups,0.853333333,0.888888889,0.870748299,72
06_flatworm,0.916666667,0.846153846,0.88,13
07_jellyfish,0.862068966,1,0.925925926,25
08_marine_dolphin,0.714285714,0.5,0.588235294,10
09_octopus,1,0.6,0.75,10
10_rayfish,0.918367347,0.947368421,0.932642487,95
11_seaAnemone,0.923423423,0.92760181,0.925507901,221
12_seaCucumber,1,0.8,0.888888889,10
13_seaSlug,0.818181818,0.9,0.857142857,20
14_seaUrchin,0.875,0.965517241,0.918032787,29
15_shark,0.772727273,0.894736842,0.829268293,19
16_shrimp,1,0.818181818,0.9,11
17_squid,1,0.7,0.823529412,10
18_starfish,0.975609756,1,0.987654321,40
19_turtle,0.961038961,0.973684211,0.967320261,76
accuracy,0.921215881,0.921215881,0.921215881,0.921215881
macro avg,0.904312327,0.874362079,0.881699089,1612
weighted avg,0.923542878,0.921215881,0.920809903,1612
