epoch,epoch_minutes,eta_hours,learning_rate,train_loss,train_top1,val_loss,val_top1,val_top2,val_top3,val_macro_precision,val_macro_recall,val_macro_f1,best_val_macro_f1,best_epoch_so_far,is_best_checkpoint
1,20.468135847066666,4.775914665095004,5e-06,0.019518849807766008,0.9468267581475128,0.056194675142708594,0.926067054271698,0.9847561120986938,0.9939024448394775,0.8755331173724601,0.8991568263391295,0.8781336909654293,0.8781336909654293,1,True
2,20.429707565733345,4.431115698257083,4.9453690018345144e-06,0.01204608876014477,0.9546407470935773,0.049609007091525305,0.9298780560493469,0.9862805008888245,0.9954268336296082,0.8845806132257404,0.9067897942166626,0.8851219331824716,0.8851219331824716,2,True
3,20.402188760116648,4.087464973456667,4.783863644106502e-06,0.011768928149186949,0.9620735658471508,0.05417242020847507,0.9153963327407837,0.9794207215309143,0.9946646094322205,0.8872991041232485,0.9032292541775317,0.8848556775405445,0.8851219331824716,2,False
4,20.41255596868335,3.746032389070278,4.522542485937369e-06,0.008916964687332624,0.9700781398894607,0.05399964384680159,0.9275914430618286,0.9878048896789551,0.9954268336296082,0.8670921432852821,0.8855760979133681,0.863349129911492,0.8851219331824716,2,False
5,20.40466417476667,3.4047802284333333,4.172826515897146e-06,0.006055687915398567,0.9719839908519153,0.05253894729334203,0.9306402206420898,0.9839938879013062,0.9946646094322205,0.8890590194674592,0.8950487553737284,0.8797278136760143,0.8851219331824716,2,False
6,20.39708963306669,3.063690330978334,3.75e-06,0.005566139688794502,0.974652182199352,0.05513707486825789,0.9253048896789551,0.980182945728302,0.9931402206420898,0.8700019946294963,0.9003907968519519,0.869976496224384,0.8851219331824716,2,False
7,20.31829217951672,2.7213907845787304,3.272542485937369e-06,0.006560763109818208,0.9801791499904707,0.054109068110453316,0.9268292784690857,0.9809451103210449,0.9954268336296082,0.8790732448483372,0.9055699170054151,0.8808310919210418,0.8851219331824716,2,False
8,20.31837985714998,2.37997793254375,2.7613211581691343e-06,0.004715659197727133,0.9832285115303984,0.05462947477370497,0.9253048896789551,0.980182945728302,0.9946646094322205,0.8791116217464754,0.8963641116723698,0.8776822417516785,0.8851219331824716,2,False
9,20.33014156470005,2.039285760228148,2.2386788418308674e-06,0.004196258899190755,0.9834190966266438,0.05822837806033186,0.9253048896789551,0.9824694991111755,0.9954268336296082,0.8859062053948458,0.9054262706374256,0.8838422150021158,0.8851219331824716,2,False
