,coral,crab,diver,eel,fish,fishInGroups,flatworm,llyfish,marine_dolphin,octopus,rayfish,seaAnemone,seaCucumber,seaSlug,seaUrchin,shark,shrimp,squid,starfish,turtle
coral,0.882,,,0.009,0.037,,,,,,0.014,0.040,,0.006,0.009,,,,0.003,
crab,,1.000,,,,,,,,,,,,,,,,,,
diver,,,0.923,,,,,0.077,,,,,,,,,,,,
eel,,,,0.976,0.024,,,,,,,,,,,,,,,
fish,0.015,,,0.011,0.944,0.017,,,,,0.004,0.004,,0.002,,0.004,,,,
fishInGroups,0.028,,,,0.083,0.889,,,,,,,,,,,,,,
flatworm,,,,,0.077,,0.846,,,,,,,0.077,,,,,,
jellyfish,,,,,,,,1.000,,,,,,,,,,,,
marine_dolphin,,,,,,0.200,,,0.500,,,,,,,0.300,,,,
octopus,,0.100,,0.200,0.100,,,,,0.600,,,,,,,,,,
rayfish,0.011,,,,0.011,,,,,,0.947,,,,,,,,,0.032
seaAnemone,0.023,,,,0.041,,,,,,0.005,0.928,,,0.005,,,,,
seaCucumber,0.100,,,0.100,,,,,,,,,0.800,,,,,,,
seaSlug,,,,,0.050,,0.050,,,,,,,0.900,,,,,,
seaUrchin,,,,,,,,,,,,0.034,,,0.966,,,,,
shark,,,,,0.053,,,,0.053,,,,,,,0.895,,,,
shrimp,,0.091,,,,,,0.091,,,,,,,,,0.818,,,
squid,,,,,0.100,,,0.200,,,,,,,,,,0.700,,
starfish,,,,,,,,,,,,,,,,,,,1.000,
turtle,0.013,,,,,,,,0.013,,,,,,,,,,,0.974
