,00_coral,01_crab,02_diver,03_eel,04_fish,05_fishInGroups,06_flatworm,07_jellyfish,08_marine_dolphin,09_octopus,10_rayfish,11_seaAnemone,12_seaCucumber,13_seaSlug,14_seaUrchin,15_shark,16_shrimp,17_squid,18_starfish,19_turtle
00_coral,307,0,0,3,13,0,0,0,0,0,5,14,0,2,3,0,0,0,1,0
01_crab,0,11,0,0,0,0,0,0,0,0,0,0,0,0,0,0,0,0,0,0
02_diver,0,0,12,0,0,0,0,1,0,0,0,0,0,0,0,0,0,0,0,0
03_eel,0,0,0,40,1,0,0,0,0,0,0,0,0,0,0,0,0,0,0,0
04_fish,8,0,0,6,508,9,0,0,0,0,2,2,0,1,0,2,0,0,0,0
05_fishInGroups,2,0,0,0,6,64,0,0,0,0,0,0,0,0,0,0,0,0,0,0
06_flatworm,0,0,0,0,1,0,11,0,0,0,0,0,0,1,0,0,0,0,0,0
07_jellyfish,0,0,0,0,0,0,0,25,0,0,0,0,0,0,0,0,0,0,0,0
08_marine_dolphin,0,0,0,0,0,2,0,0,5,0,0,0,0,0,0,3,0,0,0,0
09_octopus,0,1,0,2,1,0,0,0,0,6,0,0,0,0,0,0,0,0,0,0
10_rayfish,1,0,0,0,1,0,0,0,0,0,90,0,0,0,0,0,0,0,0,3
11_seaAnemone,5,0,0,0,9,0,0,0,0,0,1,205,0,0,1,0,0,0,0,0
12_seaCucumber,1,0,0,1,0,0,0,0,0,0,0,0,8,0,0,0,0,0,0,0
13_seaSlug,0,0,0,0,1,0,1,0,0,0,0,0,0,18,0,0,0,0,0,0
14_seaUrchin,0,0,0,0,0,0,0,0,0,0,0,1,0,0,28,0,0,0,0,0
15_shark,0,0,0,0,1,0,0,0,1,0,0,0,0,0,0,17,0,0,0,0
16_shrimp,0,1,0,0,0,0,0,1,0,0,0,0,0,0,0,0,9,0,0,0
17_squid,0,0,0,0,1,0,0,2,0,0,0,0,0,0,0,0,0,7,0,0
18_starfish,0,0,0,0,0,0,0,0,0,0,0,0,0,0,0,0,0,0,40,0
19_turtle,1,0,0,0,0,0,0,0,1,0,0,0,0,0,0,0,0,0,0,74
