class_id,class_name,folder_name,original_train_count,augmented_added,final_train_count
0,coral,00_coral,1249,0,1249
1,crab,01_crab,34,166,200
2,diver,02_diver,41,159,200
3,eel,03_eel,128,72,200
4,fish,04_fish,1760,0,1760
5,fishInGroups,05_fishInGroups,218,0,218
6,flatworm,06_flatworm,40,160,200
7,jellyfish,07_jellyfish,78,122,200
8,marine_dolphin,08_marine_dolphin,16,184,200
9,octopus,09_octopus,16,184,200
10,rayfish,10_rayfish,305,0,305
11,seaAnemone,11_seaAnemone,712,0,712
12,seaCucumber,12_seaCucumber,28,172,200
13,seaSlug,13_seaSlug,63,137,200
14,seaUrchin,14_seaUrchin,92,108,200
15,shark,15_shark,57,143,200
16,shrimp,16_shrimp,18,182,200
17,squid,17_squid,19,181,200
18,starfish,18_starfish,133,67,200
19,turtle,19_turtle,240,0,240
