split,class_id,class_name,image_count
train,0,coral,1562
train,1,crab,43
train,2,diver,51
train,3,eel,160
train,4,fish,2200
train,5,fishInGroups,272
train,6,flatworm,50
train,7,jellyfish,97
train,8,marine_dolphin,20
train,9,octopus,20
train,10,rayfish,382
train,11,seaAnemone,890
train,12,seaCucumber,35
train,13,seaSlug,79
train,14,seaUrchin,115
train,15,shark,71
train,16,shrimp,22
train,17,squid,24
train,18,starfish,166
train,19,turtle,300
test,0,coral,348
test,1,crab,11
test,2,diver,13
test,3,eel,41
test,4,fish,538
test,5,fishInGroups,72
test,6,flatworm,13
test,7,jellyfish,25
test,8,marine_dolphin,10
test,9,octopus,10
test,10,rayfish,95
test,11,seaAnemone,221
test,12,seaCucumber,10
test,13,seaSlug,20
test,14,seaUrchin,29
test,15,shark,19
test,16,shrimp,11
test,17,squid,10
test,18,starfish,40
test,19,turtle,76
