split,class_id,class_name,folder_name,image_count
test,0,coral,00_coral,348
test,1,crab,01_crab,11
test,2,diver,02_diver,13
test,3,eel,03_eel,41
test,4,fish,04_fish,538
test,5,fishInGroups,05_fishInGroups,72
test,6,flatworm,06_flatworm,13
test,7,jellyfish,07_jellyfish,25
test,8,marine_dolphin,08_marine_dolphin,10
test,9,octopus,09_octopus,10
test,10,rayfish,10_rayfish,95
test,11,seaAnemone,11_seaAnemone,221
test,12,seaCucumber,12_seaCucumber,10
test,13,seaSlug,13_seaSlug,20
test,14,seaUrchin,14_seaUrchin,29
test,15,shark,15_shark,19
test,16,shrimp,16_shrimp,11
test,17,squid,17_squid,10
test,18,starfish,18_starfish,40
test,19,turtle,19_turtle,76
train,0,coral,00_coral,1249
train,1,crab,01_crab,200
train,2,diver,02_diver,200
train,3,eel,03_eel,200
train,4,fish,04_fish,1760
train,5,fishInGroups,05_fishInGroups,218
train,6,flatworm,06_flatworm,200
train,7,jellyfish,07_jellyfish,200
train,8,marine_dolphin,08_marine_dolphin,200
train,9,octopus,09_octopus,200
train,10,rayfish,10_rayfish,305
train,11,seaAnemone,11_seaAnemone,712
train,12,seaCucumber,12_seaCucumber,200
train,13,seaSlug,13_seaSlug,200
train,14,seaUrchin,14_seaUrchin,200
train,15,shark,15_shark,200
train,16,shrimp,16_shrimp,200
train,17,squid,17_squid,200
train,18,starfish,18_starfish,200
train,19,turtle,19_turtle,240
val,0,coral,00_coral,313
val,1,crab,01_crab,9
val,2,diver,02_diver,10
val,3,eel,03_eel,32
val,4,fish,04_fish,440
val,5,fishInGroups,05_fishInGroups,54
val,6,flatworm,06_flatworm,10
val,7,jellyfish,07_jellyfish,19
val,8,marine_dolphin,08_marine_dolphin,4
val,9,octopus,09_octopus,4
val,10,rayfish,10_rayfish,77
val,11,seaAnemone,11_seaAnemone,178
val,12,seaCucumber,12_seaCucumber,7
val,13,seaSlug,13_seaSlug,16
val,14,seaUrchin,14_seaUrchin,23
val,15,shark,15_shark,14
val,16,shrimp,16_shrimp,4
val,17,squid,17_squid,5
val,18,starfish,18_starfish,33
val,19,turtle,19_turtle,60
