official_split,class_id,class_name,image_count
test,0,coral,348
test,1,crab,11
test,2,diver,13
test,3,eel,41
test,4,fish,538
test,5,fishInGroups,72
test,6,flatworm,13
test,7,jellyfish,25
test,8,marine_dolphin,10
test,9,octopus,10
test,10,rayfish,95
test,11,seaAnemone,221
test,12,seaCucumber,10
test,13,seaSlug,20
test,14,seaUrchin,29
test,15,shark,19
test,16,shrimp,11
test,17,squid,10
test,18,starfish,40
test,19,turtle,76
train,0,coral,1249
train,1,crab,34
train,2,diver,41
train,3,eel,128
train,4,fish,1760
train,5,fishInGroups,218
train,6,flatworm,40
train,7,jellyfish,78
train,8,marine_dolphin,16
train,9,octopus,16
train,10,rayfish,305
train,11,seaAnemone,712
train,12,seaCucumber,28
train,13,seaSlug,63
train,14,seaUrchin,92
train,15,shark,57
train,16,shrimp,18
train,17,squid,19
train,18,starfish,133
train,19,turtle,240
val,0,coral,313
val,1,crab,9
val,2,diver,10
val,3,eel,32
val,4,fish,440
val,5,fishInGroups,54
val,6,flatworm,10
val,7,jellyfish,19
val,8,marine_dolphin,4
val,9,octopus,4
val,10,rayfish,77
val,11,seaAnemone,178
val,12,seaCucumber,7
val,13,seaSlug,16
val,14,seaUrchin,23
val,15,shark,14
val,16,shrimp,4
val,17,squid,5
val,18,starfish,33
val,19,turtle,60
