class_id,class_name,precision,recall,f1_score,support
0,coral,0.801007556675063,0.9137931034482759,0.8536912751677852,348
1,crab,0.7,0.6363636363636364,0.6666666666666666,11
2,diver,1.0,1.0,1.0,13
3,eel,0.88,0.5365853658536586,0.6666666666666666,41
4,fish,0.8969465648854962,0.8736059479553904,0.8851224105461394,538
5,fishInGroups,0.7142857142857143,0.6944444444444444,0.704225352112676,72
6,flatworm,1.0,0.15384615384615385,0.26666666666666666,13
7,jellyfish,0.95,0.76,0.8444444444444444,25
8,marine_dolphin,0.5,0.7,0.5833333333333334,10
9,octopus,1.0,0.6,0.75,10
10,rayfish,0.961038961038961,0.7789473684210526,0.8604651162790697,95
11,seaAnemone,0.8432203389830508,0.9004524886877828,0.8708971553610503,221
12,seaCucumber,0.5714285714285714,0.8,0.6666666666666666,10
13,seaSlug,0.5925925925925926,0.8,0.6808510638297872,20
14,seaUrchin,0.8333333333333334,0.8620689655172413,0.847457627118644,29
15,shark,0.7857142857142857,0.5789473684210527,0.6666666666666666,19
16,shrimp,0.8888888888888888,0.7272727272727273,0.8,11
17,squid,1.0,0.7,0.8235294117647058,10
18,starfish,0.8372093023255814,0.9,0.8674698795180723,40
19,turtle,0.9054054054054054,0.881578947368421,0.8933333333333333,76
