,coral,crab,diver,eel,fish,fishInGroups,flatworm,jellyfish,marine_dolphin,octopus,rayfish,seaAnemone,seaCucumber,seaSlug,seaUrchin,shark,shrimp,squid,starfish,turtle
coral,0.9137931034482759,0.0,0.0,0.0028735632183908046,0.022988505747126436,0.0,0.0,0.0,0.0,0.0,0.0028735632183908046,0.04597701149425287,0.0028735632183908046,0.0028735632183908046,0.0,0.0,0.0,0.0,0.005747126436781609,0.0
crab,0.09090909090909091,0.6363636363636364,0.0,0.0,0.09090909090909091,0.0,0.0,0.0,0.0,0.0,0.0,0.0,0.0,0.0,0.0,0.0,0.09090909090909091,0.0,0.0,0.09090909090909091
diver,0.0,0.0,1.0,0.0,0.0,0.0,0.0,0.0,0.0,0.0,0.0,0.0,0.0,0.0,0.0,0.0,0.0,0.0,0.0,0.0
eel,0.07317073170731707,0.0,0.0,0.5365853658536586,0.21951219512195122,0.024390243902439025,0.0,0.0,0.0,0.0,0.0,0.0,0.07317073170731707,0.0,0.0,0.0,0.0,0.0,0.04878048780487805,0.024390243902439025
fish,0.05390334572490706,0.0,0.0,0.0037174721189591076,0.8736059479553904,0.022304832713754646,0.0,0.0,0.0018587360594795538,0.0,0.0037174721189591076,0.031598513011152414,0.0,0.0037174721189591076,0.0018587360594795538,0.0018587360594795538,0.0,0.0,0.0,0.0018587360594795538
fishInGroups,0.1388888888888889,0.0,0.0,0.0,0.1388888888888889,0.6944444444444444,0.0,0.0,0.0,0.0,0.0,0.0,0.0,0.0,0.013888888888888888,0.0,0.0,0.0,0.0,0.013888888888888888
flatworm,0.0,0.0,0.0,0.0,0.15384615384615385,0.0,0.15384615384615385,0.0,0.0,0.0,0.0,0.0,0.15384615384615385,0.46153846153846156,0.0,0.0,0.0,0.0,0.07692307692307693,0.0
jellyfish,0.08,0.0,0.0,0.0,0.04,0.04,0.0,0.76,0.0,0.0,0.0,0.04,0.0,0.0,0.04,0.0,0.0,0.0,0.0,0.0
marine_dolphin,0.0,0.0,0.0,0.0,0.1,0.1,0.0,0.0,0.7,0.0,0.0,0.0,0.0,0.0,0.0,0.1,0.0,0.0,0.0,0.0
octopus,0.2,0.0,0.0,0.0,0.1,0.0,0.0,0.0,0.0,0.6,0.0,0.1,0.0,0.0,0.0,0.0,0.0,0.0,0.0,0.0
rayfish,0.05263157894736842,0.0,0.0,0.0,0.11578947368421053,0.0,0.0,0.0,0.010526315789473684,0.0,0.7789473684210526,0.0,0.0,0.0,0.0,0.010526315789473684,0.0,0.0,0.010526315789473684,0.021052631578947368
seaAnemone,0.07239819004524888,0.0,0.0,0.0,0.013574660633484163,0.004524886877828055,0.0,0.0,0.0,0.0,0.0,0.9004524886877828,0.0,0.0,0.00904977375565611,0.0,0.0,0.0,0.0,0.0
seaCucumber,0.1,0.0,0.0,0.0,0.0,0.0,0.0,0.0,0.0,0.0,0.0,0.0,0.8,0.1,0.0,0.0,0.0,0.0,0.0,0.0
seaSlug,0.05,0.05,0.0,0.0,0.05,0.0,0.0,0.0,0.0,0.0,0.0,0.05,0.0,0.8,0.0,0.0,0.0,0.0,0.0,0.0
seaUrchin,0.10344827586206896,0.0,0.0,0.0,0.0,0.0,0.0,0.0,0.0,0.0,0.0,0.034482758620689655,0.0,0.0,0.8620689655172413,0.0,0.0,0.0,0.0,0.0
shark,0.0,0.0,0.0,0.0,0.15789473684210525,0.05263157894736842,0.0,0.0,0.15789473684210525,0.0,0.0,0.0,0.0,0.0,0.0,0.5789473684210527,0.0,0.0,0.05263157894736842,0.0
shrimp,0.0,0.18181818181818182,0.0,0.0,0.09090909090909091,0.0,0.0,0.0,0.0,0.0,0.0,0.0,0.0,0.0,0.0,0.0,0.7272727272727273,0.0,0.0,0.0
squid,0.0,0.0,0.0,0.0,0.1,0.0,0.0,0.1,0.0,0.0,0.0,0.0,0.0,0.1,0.0,0.0,0.0,0.7,0.0,0.0
starfish,0.05,0.0,0.0,0.0,0.0,0.025,0.0,0.0,0.0,0.0,0.0,0.0,0.0,0.0,0.0,0.0,0.0,0.0,0.9,0.025
turtle,0.05263157894736842,0.0,0.0,0.0,0.013157894736842105,0.02631578947368421,0.0,0.0,0.02631578947368421,0.0,0.0,0.0,0.0,0.0,0.0,0.0,0.0,0.0,0.0,0.881578947368421
