epoch,train_loss,val_loss,val_top1,val_top5,val_top1_pct,val_top5_pct,status
1,2.12924,0.91946,0.7904,0.97485,79.03999999999999,97.485,
2,0.71324,0.41531,0.87881,0.9939,87.881,99.39,BEST
3,0.39091,0.47803,0.85061,0.99238,85.06099999999999,99.238,
4,0.36387,0.54581,0.83994,0.99009,83.994,99.009,
5,0.33718,0.64279,0.8346,0.98704,83.46000000000001,98.70400000000001,
6,0.2896,0.54046,0.84299,0.98933,84.299,98.933,
7,0.26066,0.54253,0.85823,0.9878,85.82300000000001,98.78,
8,0.24443,0.63734,0.8346,0.98171,83.46000000000001,98.17099999999999,
9,0.23541,0.61618,0.84527,0.99085,84.527,99.08500000000001,
10,0.20357,0.62976,0.84756,0.99009,84.756,99.009,
11,0.20192,0.72694,0.83689,0.9878,83.68900000000001,98.78,
12,0.19449,0.62151,0.83994,0.99162,83.994,99.16199999999999,
13,0.19008,0.62495,0.84375,0.9878,84.375,98.78,
14,0.16141,0.63618,0.85595,0.99238,85.595,99.238,
15,0.15856,0.68759,0.84604,0.98933,84.604,98.933,
16,0.15918,0.74458,0.82927,0.9878,82.92699999999999,98.78,
17,0.15946,0.6964,0.85518,0.98933,85.518,98.933,
18,0.1576,0.74014,0.83918,0.98628,83.918,98.628,
19,0.14187,0.67541,0.84832,0.9878,84.832,98.78,
20,0.14543,0.80281,0.83003,0.98399,83.003,98.399,
21,0.1521,0.64548,0.84451,0.98704,84.451,98.70400000000001,
22,0.15004,0.66718,0.84299,0.98552,84.299,98.55199999999999,
23,0.12431,0.7002,0.84146,0.98857,84.146,98.857,
24,0.12771,0.77216,0.8346,0.98552,83.46000000000001,98.55199999999999,
25,0.11724,0.77589,0.84451,0.98247,84.451,98.247,
26,0.13217,0.73017,0.83689,0.98247,83.68900000000001,98.247,
27,0.13336,0.69778,0.85061,0.98476,85.06099999999999,98.476,
28,0.13351,0.75592,0.84146,0.98399,84.146,98.399,
29,0.11579,0.71704,0.84756,0.98552,84.756,98.55199999999999,
30,0.11778,0.70754,0.85442,0.98552,85.442,98.55199999999999,
31,0.12493,0.64793,0.85747,0.98247,85.747,98.247,
32,0.11221,0.69058,0.8689,0.98628,86.89,98.628,
