,precision,recall,f1-score,support
00_coral,0.9504643962848297,0.882183908045977,0.9150521609538003,348.0
01_crab,0.8333333333333334,0.9090909090909091,0.8695652173913043,11.0
02_diver,1.0,0.9230769230769231,0.96,13.0
03_eel,0.7692307692307693,0.975609756097561,0.8602150537634409,41.0
04_fish,0.9376146788990826,0.949814126394052,0.9436749769159741,538.0
05_fishInGroups,0.8421052631578947,0.8888888888888888,0.8648648648648649,72.0
06_flatworm,0.8461538461538461,0.8461538461538461,0.8461538461538461,13.0
07_jellyfish,0.8620689655172413,1.0,0.9259259259259259,25.0
08_marine_dolphin,0.7142857142857143,0.5,0.5882352941176471,10.0
09_octopus,1.0,0.6,0.75,10.0
10_rayfish,0.9090909090909091,0.9473684210526315,0.9278350515463918,95.0
11_seaAnemone,0.9315068493150684,0.9230769230769231,0.9272727272727272,221.0
12_seaCucumber,1.0,0.8,0.8888888888888888,10.0
13_seaSlug,0.8571428571428571,0.9,0.8780487804878049,20.0
14_seaUrchin,0.8484848484848485,0.9655172413793104,0.9032258064516129,29.0
15_shark,0.7727272727272727,0.8947368421052632,0.8292682926829268,19.0
16_shrimp,1.0,0.7272727272727273,0.8421052631578947,11.0
17_squid,1.0,0.7,0.8235294117647058,10.0
18_starfish,0.9523809523809523,1.0,0.975609756097561,40.0
19_turtle,0.9487179487179487,0.9736842105263158,0.961038961038961,76.0
accuracy,0.9212158808933002,0.9212158808933002,0.9212158808933002,0.9212158808933002
macro avg,0.8987654302361285,0.8653237361580663,0.874025513973814,1612.0
weighted avg,0.9237498658678144,0.9212158808933002,0.9207710992022715,1612.0
