epoch,epoch_minutes,learning_rate,train_loss,train_top1,val_loss,val_top1,val_top2,val_top3,val_macro_precision,val_macro_recall,val_macro_f1,best_val_macro_f1,best_epoch_so_far,is_best_checkpoint,recovery_checkpoint_saved,epochs_without_improvement
1,8.122035487492878,1e-05,0.4678427155458157,0.5687059271964933,0.3268457361746852,0.8201219512195121,0.9115853658536586,0.9519817073170732,0.5986893664155702,0.5174076198363332,0.5298385540247358,0.5298385540247358,1,True,False,0
2,7.867983663082123,9.984586668665641e-06,0.26387628333578117,0.8258052220316371,0.16984294494755975,0.8727134146341463,0.9504573170731707,0.9710365853658537,0.7291361456633463,0.7274527812864424,0.7021029794130362,0.7021029794130362,2,True,False,0
3,7.814912017186483,9.938441702975689e-06,0.15785159022098771,0.8673527730131504,0.1087456864514956,0.9085365853658537,0.9626524390243902,0.9832317073170732,0.7659011728054438,0.810352147380921,0.7822428338458901,0.7822428338458901,3,True,False,0
4,7.823687287171682,9.861849601988382e-06,0.09836474023667068,0.8932723461025348,0.0825614615768711,0.90625,0.9679878048780488,0.9862804878048781,0.7725964673705741,0.8175431829198583,0.785749997065056,0.785749997065056,4,True,False,0
5,7.8253671526908875,9.755282581475767e-06,0.06745855015978908,0.9115685153421003,0.06303953575666017,0.9161585365853658,0.9702743902439024,0.9908536585365854,0.8516377476281785,0.8859755683777445,0.8512188419622229,0.8512188419622229,5,True,True,0
6,7.807384860515595,9.619397662556432e-06,0.04656336853951244,0.9193825042881647,0.06895904932265161,0.9108231707317073,0.9717987804878049,0.989329268292683,0.8495048587963995,0.8563701999640297,0.8294380953697553,0.8512188419622229,5,False,False,1
7,7.813349282741546,9.455032620941837e-06,0.03372739452023108,0.9357728225652754,0.05664519011781699,0.9146341463414634,0.979420731707317,0.9916158536585366,0.8675569939974459,0.8901455618627905,0.8663863678388702,0.8663863678388702,7,True,False,0
8,7.820722111066183,9.263200821770459e-06,0.024017999122994547,0.9384410139127121,0.0568968857758081,0.9161585365853658,0.979420731707317,0.993140243902439,0.8664705841144136,0.8905370159127364,0.8658800092390724,0.8663863678388702,7,False,False,1
9,7.816607065995535,9.045084971874735e-06,0.016680714173222214,0.9494949494949495,0.04923522481085567,0.9207317073170732,0.979420731707317,0.9939024390243902,0.8698894661015482,0.897039219660304,0.8752185969457134,0.8752185969457134,9,True,False,0
10,7.8361996213595075,8.802029828000153e-06,0.014532157462805563,0.9531160663236135,0.051973544826102246,0.9138719512195121,0.9733231707317073,0.9923780487804879,0.8574269476968899,0.9033991599980947,0.872989750876968,0.8752185969457134,9,False,True,1
11,7.833418464660644,8.535533905932735e-06,0.010228164801549798,0.956546598056032,0.052469210202732985,0.9222560975609756,0.975609756097561,0.9923780487804879,0.8603356241863027,0.9077351381475316,0.874599823106824,0.8752185969457134,9,False,False,2
12,7.832300933202108,8.247240241650918e-06,0.009657168434679895,0.9613112254621689,0.05020340704240103,0.9214939024390244,0.9817073170731707,0.9939024390243902,0.8783706569877546,0.9111385302315613,0.8843204232115459,0.8843204232115459,12,True,False,0
13,7.829977218310038,7.938926261462365e-06,0.007470937250469576,0.9683628740232514,0.050597214431120835,0.9253048780487805,0.9763719512195121,0.9946646341463414,0.8799293448581487,0.9261887298051781,0.8933009691623253,0.8933009691623253,13,True,False,0
14,7.822254141171773,7.612492823579743e-06,0.006659508815421456,0.9733180865256337,0.06087737831999276,0.9275914634146342,0.9817073170731707,0.9946646341463414,0.8617660587283792,0.8857789381413926,0.8622515673902866,0.8933009691623253,13,False,False,1
15,7.828035616874695,7.2699524986977325e-06,0.004993965817131358,0.9754145225843339,0.05818436098677771,0.9222560975609756,0.9817073170731707,0.9939024390243902,0.8755250895066137,0.8889481402648718,0.8747237436866696,0.8933009691623253,13,False,True,2
16,7.807894591490427,6.913417161825448e-06,0.004078195654255389,0.9790356394129979,0.05658827346513956,0.9283536585365854,0.9832317073170732,0.993140243902439,0.8789851276574085,0.9106470784800387,0.8852745545410569,0.8933009691623253,13,False,False,3
17,7.823037767410279,6.545084971874736e-06,0.00450933204854155,0.9817038307604345,0.059622730192665487,0.9230182926829268,0.9809451219512195,0.9939024390243902,0.8711375607124989,0.9011978240307842,0.8736029493466972,0.8933009691623253,13,False,False,4
18,7.817762597401937,6.167226819279527e-06,0.004058740500366762,0.9796073947017343,0.05911844697688993,0.9283536585365854,0.9824695121951219,0.9939024390243902,0.8675560564372766,0.8928268682132261,0.8724947587652656,0.8933009691623253,13,False,False,5
19,7.81576068798701,5.782172325201154e-06,0.0028678610801783928,0.9874213836477987,0.05911678413508595,0.9260670731707317,0.979420731707317,0.9939024390243902,0.8624723413805702,0.9034166634980261,0.8742987389321024,0.8933009691623253,13,False,False,6
20,7.828971803188324,5.392295478639224e-06,0.0024351789556448437,0.9872307985515533,0.06676494638291265,0.9275914634146342,0.9786585365853658,0.9923780487804879,0.8688443708070999,0.8987400316801656,0.875199223124732,0.8933009691623253,13,False,True,7
21,7.828313660621643,4.9999999999999996e-06,0.0025816741861068053,0.9853249475890985,0.06297054243213382,0.9260670731707317,0.9786585365853658,0.9923780487804879,0.8732532368651856,0.904275061105625,0.8809069096189879,0.8933009691623253,13,False,False,8
