class_id,class_name,train_count,cb_weight
0,00_coral,1249,0.06297830292359145
1,01_crab,34,1.3433407486909874
2,02_diver,41,1.1178731649100966
3,03_eel,128,0.37376737823424616
4,04_fish,1760,0.0542538237811412
5,05_fishInGroups,218,0.22926836794942973
6,06_flatworm,40,1.1452508097145013
7,07_jellyfish,78,0.598467406696672
8,08_marine_dolphin,16,2.829116420100897
9,09_octopus,16,2.829116420100897
10,10_rayfish,305,0.17083577741259068
11,11_seaAnemone,712,0.08817823969346426
12,12_seaCucumber,28,1.6263360069142787
13,13_seaSlug,63,0.7354853480747304
14,14_seaUrchin,92,0.5109115908972779
15,15_shark,57,0.8104929190187856
16,16_shrimp,18,2.5172802992308365
17,17_squid,19,2.3859814713516116
18,18_starfish,133,0.3605972170346042
19,19_turtle,240,0.21046828726935857
