bin,lower_bound,upper_bound,count,sample_fraction,mean_confidence,empirical_accuracy,absolute_gap,ece_contribution
1,0.0,0.06666666666666667,0,0.0,,,,0.0
2,0.06666666666666667,0.13333333333333333,0,0.0,,,,0.0
3,0.13333333333333333,0.2,0,0.0,,,,0.0
4,0.2,0.26666666666666666,1,0.0006203473945409429,0.2230270355939865,1.0,0.7769729644060135,0.00048199315409802325
5,0.26666666666666666,0.3333333333333333,1,0.0006203473945409429,0.3314030170440674,1.0,0.6685969829559326,0.000414762396374648
6,0.3333333333333333,0.4,4,0.0024813895781637717,0.37182045727968216,0.0,0.37182045727968216,0.0009226314076418912
7,0.4,0.4666666666666667,9,0.005583126550868486,0.4308239585823483,0.4444444444444444,0.013620485862096132,7.604489625239776e-05
8,0.4666666666666667,0.5333333333333333,22,0.013647642679900745,0.5015440664508126,0.5,0.00154406645081262,2.107286719471318e-05
9,0.5333333333333333,0.6,43,0.026674937965260544,0.5658266821572947,0.5116279069767442,0.054198775180550496,0.0014457489657342874
10,0.6,0.6666666666666666,32,0.019851116625310174,0.6358121782541275,0.5625,0.0733121782541275,0.0014553286005782136
11,0.6666666666666666,0.7333333333333333,21,0.013027295285359801,0.6985112882795788,0.6190476190476191,0.07946366923195969,0.001035196683542899
12,0.7333333333333333,0.8,38,0.02357320099255583,0.7706616285600161,0.7368421052631579,0.03381952329685822,0.0007972344201492633
13,0.8,0.8666666666666667,62,0.038461538461538464,0.8326549356983554,0.7903225806451613,0.042332355053194104,0.0016281675020459272
14,0.8666666666666667,0.9333333333333333,97,0.06017369727047146,0.9039600380917185,0.865979381443299,0.03798065664841954,0.0022854365352957167
15,0.9333333333333333,1.0,1282,0.7952853598014888,0.9868898659061158,0.9781591263650546,0.008730739541061183,0.006943429337245928
