epoch,train_loss,train_top1,val_loss,val_top1,val_top2,val_top3,val_top5,val_macro_precision,val_macro_recall,val_macro_f1,val_weighted_f1,lr,best,best_epoch,best_val_macro_f1,epoch_runtime_seconds,resumed
1,0.009708619512619898,0.9643605870020965,0.05942379304902463,0.9283536585365854,0.9855182926829268,0.9969512195121951,0.9992378048780488,0.883782652935723,0.901488507816832,0.8814162421233082,0.9293092183819268,4.9453690018345144e-06,True,1,0.8814162421233082,289.3438562189999,False
2,0.005502796323399418,0.9725557461406518,0.05844379970893081,0.9253048780487805,0.9832317073170732,0.9946646341463414,0.9969512195121951,0.8897561305923091,0.9117636976939172,0.8928521906893521,0.9262321209169095,4.783863644106502e-06,True,2,0.8928521906893521,257.5235793500001,False
3,0.006133352448818997,0.9761768629693158,0.052220832962657095,0.9260670731707317,0.989329268292683,0.9961890243902439,0.9977134146341463,0.8976022329900324,0.9089945227941513,0.8956559497869842,0.9268776691709513,4.522542485937369e-06,True,3,0.8956559497869842,259.1482213729996,False
4,0.005798396269382927,0.9792262245092433,0.04792101963165258,0.9291158536585366,0.9839939024390244,0.9946646341463414,0.9977134146341463,0.8970162958932087,0.9221133979138252,0.9027041078333543,0.9301851437858099,4.172826515897146e-06,True,4,0.9027041078333543,258.47725292799987,False
5,0.0034387666364902175,0.9824661711454165,0.05618130332846188,0.9298780487804879,0.9847560975609756,0.9946646341463414,0.9977134146341463,0.8951534257784258,0.9056811016647188,0.8914080668303102,0.9308737879048291,3.75e-06,False,4,0.9027041078333543,251.20418031600002,False
6,0.0026821120423858665,0.9874213836477987,0.05716523047098005,0.9275914634146342,0.9855182926829268,0.9946646341463414,0.9977134146341463,0.8855490353795176,0.9033549623161173,0.8840360855051259,0.9290086312965514,3.272542485937369e-06,False,4,0.9027041078333543,250.42052090499965,False
7,0.0023214131142580987,0.9857061177815895,0.057426386772474775,0.9329268292682927,0.9878048780487805,0.9946646341463414,0.9984756097560976,0.9056717773585223,0.9223201132750347,0.9086880961286969,0.9337779696122498,2.7613211581691343e-06,True,7,0.9086880961286969,259.364629142,False
8,0.002075526844012574,0.98989898989899,0.05719127863235784,0.930640243902439,0.9855182926829268,0.9954268292682927,0.9984756097560976,0.8949509444484557,0.9238811456155614,0.9036901558866427,0.9314479353695426,2.2386788418308674e-06,False,7,0.9086880961286969,249.9253167019997,False
9,0.0021473864061281518,0.989136649514008,0.06268587556612806,0.9291158536585366,0.9839939024390244,0.9954268292682927,0.9977134146341463,0.891486437542015,0.9164504042803256,0.8960797187413407,0.929758452884547,1.7274575140626322e-06,False,7,0.9086880961286969,250.80991298499976,False
